Card1,Card2,SynergyScore
Executioner,Tornado,1281
Skeletons,The Log,909
The Log,Tornado,900
Skeletons,Tornado,855
Executioner,The Log,810
Night Witch,Tornado,803
Executioner,Skeletons,793
Executioner,Night Witch,728
Baby Dragon,Tornado,666
Tornado,Valkyrie,637
Executioner,Zap,620
Tornado,Zap,617
Miner,Zap,607
Rocket,Tornado,601
Barbarian Barrel,Tornado,590
Rocket,The Log,589
The Log,Valkyrie,570
Skeletons,Valkyrie,569
Poison,Tornado,563
Magic Archer,Skeletons,562
Executioner,Valkyrie,552
Night Witch,The Log,549
Magic Archer,The Log,548
Baby Dragon,Executioner,547
Magic Archer,Tornado,547
Miner,Tornado,545
Miner,Skeletons,541
Bats,Miner,536
Executioner,Miner,535
Miner,Wall Breakers,531
Barbarian Barrel,Executioner,521
Executioner,Rocket,518
Elixir Golem,Tornado,515
Miner,The Log,514
Bats,Zap,514
Elixir Golem,Night Witch,508
Executioner,Magic Archer,505
Skeletons,Zap,503
Executioner,Poison,498
Night Witch,Skeletons,496
The Log,Zap,490
Baby Dragon,Night Witch,488
Elixir Golem,Executioner,485
Miner,Valkyrie,481
Bats,Skeletons,467
Rocket,Skeletons,466
Ice Spirit,The Log,463
Bats,The Log,459
Graveyard,Tornado,447
Magic Archer,Zap,442
Bats,Wall Breakers,442
Mega Knight,Zap,437
Bandit,Zap,435
Valkyrie,Zap,432
Baby Dragon,Barbarian Barrel,432
Poison,The Log,431
Barbarian Barrel,Night Witch,424
Bats,Tornado,424
Bats,Executioner,422
Lightning,Tornado,421
Ice Spirit,Skeletons,416
Executioner,Mega Knight,416
Electro Wizard,Poison,416
Magic Archer,Valkyrie,415
Freeze,Tornado,414
Magic Archer,Miner,412
Poison,Skeletons,412
Executioner,Graveyard,410
Elixir Golem,The Log,409
Electro Wizard,Zap,405
Wall Breakers,Zap,405
Poison,Zap,399
Elixir Golem,Skeletons,395
Bats,Valkyrie,393
Magic Archer,Night Witch,392
Ice Wizard,Tornado,388
Executioner,Lightning,381
Bats,Magic Archer,381
Night Witch,Rocket,378
Bandit,Electro Wizard,377
Baby Dragon,The Log,374
Executioner,Freeze,369
Mega Knight,Tornado,368
Ice Golem,The Log,360
Mega Knight,Miner,359
Night Witch,Poison,358
Electro Wizard,Tornado,358
Ice Spirit,Tornado,355
Freeze,Graveyard,352
Barbarian Barrel,Poison,347
Baby Dragon,Graveyard,344
Skeletons,Wall Breakers,342
Valkyrie,Wall Breakers,342
Electro Wizard,P.E.K.K.A,342
Lightning,Night Witch,341
Electro Wizard,Executioner,340
Executioner,Ice Spirit,335
Magic Archer,Wall Breakers,335
Graveyard,Poison,333
Barbarian Barrel,Zap,333
Baby Dragon,Poison,331
Barbarian Barrel,Lightning,328
Night Witch,Zap,328
Fireball,The Log,327
Barbarian Barrel,Skeletons,325
Ice Golem,Skeletons,325
P.E.K.K.A,Zap,322
Bomb Tower,Valkyrie,322
Tesla,The Log,320
Baby Dragon,Lightning,319
Miner,Poison,318
Poison,Valkyrie,316
Bandit,Magic Archer,314
Rocket,Valkyrie,312
The Log,Wall Breakers,312
Electro Wizard,Magic Archer,310
Barbarian Barrel,The Log,310
Bandit,Barbarian Barrel,307
Bomb Tower,Miner,305
Magic Archer,Poison,305
Golem,Night Witch,304
Magic Archer,Rocket,304
Elixir Golem,Magic Archer,304
Bats,Mega Knight,304
Executioner,Wall Breakers,302
Barbarian Barrel,Magic Archer,300
Bandit,P.E.K.K.A,300
Elixir Golem,Rocket,299
Baby Dragon,Zap,297
Bomb Tower,Skeletons,295
Golem,Tornado,295
Mega Knight,Wall Breakers,295
Baby Dragon,Skeletons,292
Skeletons,Tesla,292
Barbarian Barrel,Electro Wizard,292
Electro Wizard,The Log,290
Tornado,Wall Breakers,286
Mega Knight,The Log,286
Lightning,The Log,285
Bandit,Mega Knight,285
Bandit,Poison,284
Electro Wizard,Night Witch,283
Skeletons,X-Bow,282
Barbarian Barrel,Miner,281
The Log,X-Bow,279
Bandit,Miner,278
Bomb Tower,Magic Archer,277
Baby Dragon,Golem,276
Bandit,Tornado,274
Baby Dragon,Valkyrie,273
Sparky,Tornado,273
Baby Dragon,Freeze,273
Mega Knight,Skeletons,270
Magic Archer,P.E.K.K.A,270
Bomb Tower,Wall Breakers,270
Executioner,Sparky,270
Bats,Bomb Tower,269
Balloon,Tornado,268
Executioner,Golem,268
Fireball,Skeletons,268
Lumberjack,Tornado,267
Ice Golem,Ice Spirit,267
Electro Wizard,Skeletons,267
P.E.K.K.A,Poison,265
Bandit,Executioner,263
Miner,Night Witch,261
P.E.K.K.A,Tornado,256
Barbarian Barrel,Giant Snowball,256
Ice Wizard,The Log,254
Night Witch,Valkyrie,253
Executioner,Ice Wizard,252
Magic Archer,Mega Knight,250
Barbarian Barrel,Valkyrie,249
Goblin Gang,Zap,249
Lightning,Skeletons,249
Barbarian Barrel,Graveyard,248
Ice Golem,Tornado,248
Graveyard,Valkyrie,247
Baby Dragon,Electro Wizard,245
Rocket,Zap,245
Barbarian Barrel,Mega Knight,244
Hog Rider,The Log,244
Goblin Cage,Tornado,243
Goblin Gang,The Log,242
Bomb Tower,The Log,242
Electro Wizard,Mega Knight,241
Musketeer,The Log,240
Ice Spirit,Zap,240
Giant Snowball,Tornado,239
Tesla,X-Bow,239
Elixir Golem,Poison,238
Royal Giant,Tornado,238
Balloon,Executioner,237
Bandit,The Log,236
Lightning,Magic Archer,236
Freeze,Valkyrie,236
Bats,Ice Golem,235
Executioner,P.E.K.K.A,234
Graveyard,The Log,234
Executioner,Royal Giant,234
Musketeer,Zap,233
Baby Dragon,Goblin Cage,233
Executioner,Lumberjack,233
Ice Wizard,Valkyrie,232
Golem,Lightning,232
Bats,Poison,231
Ice Spirit,Valkyrie,231
Goblin Cage,Night Witch,230
Executioner,Ice Golem,230
Princess,The Log,229
Goblin Gang,Miner,228
Archers,The Log,228
Miner,Rocket,228
Balloon,Zap,227
Baby Dragon,Miner,226
Executioner,Goblin Gang,226
Mega Knight,Night Witch,226
Executioner,Goblin Cage,225
Bats,Night Witch,224
Graveyard,Night Witch,224
Ice Spirit,Rocket,223
Archers,Ice Golem,222
Ice Wizard,Skeletons,222
Bandit,Skeletons,222
Electro Wizard,Miner,221
Executioner,Giant Snowball,221
Night Witch,Sparky,220
Graveyard,Skeletons,219
Electro Wizard,Lightning,219
Mega Knight,Poison,218
Bats,Goblin Gang,217
Lightning,Zap,217
Balloon,Freeze,215
Tesla,Tornado,214
Barbarian Barrel,Golem,213
Fireball,Ice Golem,212
Bomb Tower,Tornado,211
Freeze,The Log,211
Giant Snowball,Poison,211
Bats,Giant Snowball,211
Ice Golem,Zap,211
Freeze,Zap,211
Barbarian Barrel,Bats,211
Minions,Zap,211
Musketeer,Skeletons,210
Baby Dragon,Ice Wizard,210
Ice Spirit,Miner,210
Electro Wizard,Giant Snowball,208
Sparky,Zap,208
P.E.K.K.A,The Log,207
Fireball,Ice Spirit,206
Giant Snowball,Ice Golem,206
Goblin Barrel,Princess,205
Baby Dragon,Magic Archer,205
Elixir Golem,Sparky,205
Goblin Barrel,The Log,205
Goblin Gang,Mega Knight,205
Bats,Rocket,204
Executioner,Mini P.E.K.K.A,204
Lightning,P.E.K.K.A,203
Giant Snowball,Magic Archer,202
Bomb Tower,Zap,202
Bandit,Wall Breakers,200
Lumberjack,Zap,199
Royal Giant,The Log,199
Goblin Gang,Tornado,199
Goblin Barrel,Goblin Gang,199
Archers,Skeletons,198
Barbarian Barrel,Elixir Golem,198
Mini P.E.K.K.A,Tornado,197
Graveyard,Zap,197
Baby Dragon,Lumberjack,197
Ice Golem,Miner,197
Barbarian Barrel,P.E.K.K.A,196
Elixir Golem,Zap,196
Mega Minion,Tornado,195
Poison,Rocket,195
Giant Snowball,Skeletons,194
Ice Wizard,Rocket,194
Goblin Gang,Rocket,194
Fireball,Zap,194
Archers,Tesla,194
Giant Snowball,Graveyard,193
Mini P.E.K.K.A,Zap,193
Barbarian Barrel,Freeze,192
Baby Dragon,Bats,192
P.E.K.K.A,Skeletons,190
Bats,Ice Spirit,190
Mini P.E.K.K.A,The Log,189
Mega Knight,Valkyrie,189
Executioner,Hog Rider,189
Dart Goblin,Goblin Gang,189
Goblin Gang,Princess,188
Goblins,Tornado,188
Barbarian Barrel,Musketeer,187
Ice Golem,Poison,187
Tesla,Valkyrie,187
Barbarian Barrel,Lumberjack,187
Lumberjack,Night Witch,186
Balloon,Lumberjack,186
Baby Dragon,Rocket,185
Barbarian Barrel,Ram Rider,185
Bandit,Bats,185
Bandit,Night Witch,185
Tornado,X-Bow,184
Fireball,Tornado,183
Bomb Tower,Executioner,183
Hog Rider,Tornado,183
Musketeer,Tornado,182
Lumberjack,The Log,182
Barbarian Barrel,Wall Breakers,182
Balloon,Valkyrie,181
Sparky,The Log,181
Skeleton Army,Tornado,181
Skeletons,Sparky,181
Goblin Gang,Wall Breakers,181
Baby Dragon,Elixir Golem,181
Baby Dragon,Mega Knight,181
Knight,Tornado,181
Giant Snowball,The Log,180
Electro Wizard,Valkyrie,180
Baby Dragon,Bandit,180
Graveyard,Ice Wizard,178
Barbarian Barrel,Rocket,178
Bandit,Battle Ram,178
Electro Wizard,Sparky,177
Goblin Cage,Lightning,177
Giant Snowball,Night Witch,176
Poison,Sparky,176
Royal Giant,Skeletons,176
Bats,Electro Wizard,176
Ice Spirit,Tesla,175
Knight,The Log,175
Barbarian Barrel,Goblin Cage,175
Goblin Cage,Golem,173
Battle Ram,Zap,172
Bandit,Minions,171
Fireball,Tesla,171
Freeze,Skeletons,171
Princess,Rocket,171
Archers,Fireball,170
Bandit,Lightning,170
Ice Golem,Musketeer,170
Executioner,Musketeer,170
Battle Ram,P.E.K.K.A,169
Executioner,Skeleton Army,169
Balloon,Skeletons,169
Skeleton Army,Zap,169
Ice Spirit,Poison,169
Bandit,Ram Rider,168
Freeze,Lumberjack,168
Battle Ram,Electro Wizard,168
Goblin Barrel,Rocket,167
Battle Ram,Poison,167
Executioner,Goblins,167
Ice Wizard,Poison,166
Baby Dragon,P.E.K.K.A,165
Ice Golem,Tesla,165
Graveyard,Ice Golem,164
Freeze,Ice Wizard,164
Barbarian Barrel,Ice Golem,164
Executioner,Tesla,163
Electro Wizard,Ram Rider,163
Baby Dragon,Giant Snowball,163
Archers,X-Bow,162
Hog Rider,Skeletons,162
Bandit,Giant Snowball,161
Balloon,The Log,160
Ice Golem,X-Bow,160
Electro Wizard,Graveyard,160
Electro Wizard,Elixir Golem,160
Graveyard,Mega Knight,160
Bats,Dart Goblin,160
Executioner,Fireball,160
Giant Snowball,Valkyrie,160
Lightning,Miner,160
Ice Golem,Magic Archer,160
Miner,Musketeer,160
Inferno Dragon,Zap,160
Bats,Lumberjack,159
Archers,Ice Spirit,158
Balloon,Bats,158
Executioner,Knight,158
Archers,Tornado,158
Hog Rider,Zap,158
Giant Snowball,Miner,158
Dart Goblin,Executioner,158
Dart Goblin,Wall Breakers,158
Fireball,X-Bow,157
Freeze,Night Witch,157
Mega Knight,Rocket,157
Magic Archer,Ram Rider,157
Giant Snowball,Zap,156
Ice Wizard,Zap,156
Dart Goblin,Zap,155
Giant Snowball,Lightning,155
Ice Spirit,X-Bow,155
Night Witch,Wall Breakers,154
Royal Giant,Valkyrie,153
Miner,P.E.K.K.A,153
Bats,Mini P.E.K.K.A,153
Ice Spirit,Night Witch,152
Lightning,Valkyrie,151
Balloon,Miner,151
Bats,Graveyard,151
Dart Goblin,Mega Knight,151
Executioner,Mega Minion,151
Bandit,Valkyrie,150
Hog Rider,Ice Spirit,150
Rocket,Tesla,149
Ice Golem,Valkyrie,149
Bats,Freeze,148
Mega Knight,Musketeer,148
Bomb Tower,Poison,148
Bats,Elixir Golem,148
Golem,The Log,148
Freeze,Poison,148
Royal Ghost,Zap,147
Dart Goblin,Miner,147
Mega Minion,Poison,147
Executioner,X-Bow,147
Fireball,Miner,146
Musketeer,Poison,146
Ice Spirit,Magic Archer,146
Bats,Musketeer,146
Mega Minion,Zap,146
Barbarian Barrel,Ice Wizard,145
Elixir Golem,Valkyrie,145
Giant Snowball,Mega Knight,145
Miner,Royal Giant,145
Hog Rider,Ice Golem,145
Bowler,Tornado,145
Dart Goblin,The Log,144
Elixir Golem,Miner,144
Bowler,Freeze,144
Goblin Barrel,Tornado,144
Goblin Gang,Skeletons,144
Tesla,Zap,143
Poison,Wall Breakers,143
Hog Rider,Valkyrie,143
Baby Dragon,Mega Minion,143
Electro Wizard,Royal Ghost,143
Archers,Zap,143
Bandit,Royal Ghost,142
Rocket,X-Bow,142
Mega Minion,The Log,142
Graveyard,Magic Archer,142
Princess,Tornado,142
Barbarian Barrel,Minions,141
Giant Snowball,Ram Rider,141
Freeze,Magic Archer,141
P.E.K.K.A,Royal Ghost,140
Freeze,Ice Golem,140
Rocket,Wall Breakers,140
Dark Prince,Poison,139
Archers,Executioner,139
Goblin Gang,Valkyrie,138
Barbarian Barrel,Sparky,138
Bats,Sparky,138
Guards,Tornado,138
Archers,Graveyard,138
Poison,Royal Ghost,138
Inferno Dragon,Mega Knight,137
Lumberjack,Skeletons,137
Ice Spirit,Princess,137
Bats,Lightning,137
Bandit,Musketeer,137
Bandit,Inferno Dragon,137
Elixir Golem,Lightning,137
Skeleton Army,The Log,137
Miner,Minions,136
Inferno Dragon,Miner,136
Ice Golem,Night Witch,136
Lumberjack,Valkyrie,136
Baby Dragon,Bowler,135
Knight,Skeletons,135
Bowler,Graveyard,134
Fireball,Valkyrie,134
Executioner,Guards,134
Goblins,Valkyrie,133
Mini P.E.K.K.A,Skeletons,133
Ice Spirit,Musketeer,133
Night Witch,P.E.K.K.A,133
Battle Ram,Royal Ghost,132
Bats,Fireball,132
Baby Dragon,Balloon,131
Baby Dragon,Ice Golem,131
Valkyrie,X-Bow,131
Musketeer,Valkyrie,131
Baby Dragon,Ice Spirit,131
Balloon,Ice Golem,131
Minions,Musketeer,130
Fireball,Musketeer,130
Goblin Gang,Magic Archer,130
Lightning,Mega Knight,130
Archers,Bats,129
Ice Wizard,Night Witch,129
Inferno Dragon,Tornado,129
Balloon,Barbarian Barrel,129
Giant Snowball,P.E.K.K.A,129
Bomb Tower,Ice Golem,128
Ice Wizard,Miner,128
Barbarian Barrel,Inferno Dragon,128
Dark Prince,Zap,128
Lumberjack,Poison,127
Bowler,Executioner,127
Princess,Zap,127
Lumberjack,Magic Archer,126
Executioner,Princess,126
Mega Minion,Night Witch,126
Poison,Tesla,126
Giant Snowball,Musketeer,126
Freeze,Mega Knight,125
Barbarian Barrel,Ice Spirit,125
Goblin Barrel,Zap,125
Lightning,Poison,125
Baby Dragon,Sparky,125
Dark Prince,Tornado,125
P.E.K.K.A,Valkyrie,125
Graveyard,Miner,124
Archers,Freeze,124
Ice Golem,Lumberjack,124
Executioner,Goblin Barrel,124
Fireball,Hog Rider,124
Electro Wizard,Lumberjack,123
Balloon,Ice Spirit,123
Goblin Cage,Mega Knight,123
Baby Dragon,Guards,122
Elixir Golem,Graveyard,122
Archers,Giant Snowball,121
Graveyard,Rocket,121
Goblin Barrel,Valkyrie,121
P.E.K.K.A,Ram Rider,121
Giant Snowball,Lumberjack,121
Ice Spirit,Mega Knight,121
Goblin Cage,The Log,121
Lightning,Ram Rider,121
Giant Snowball,Goblin Cage,120
Giant,Zap,120
Electro Wizard,Rocket,120
Battle Ram,Magic Archer,120
Fireball,Magic Archer,120
Golem,Zap,120
Dart Goblin,Tornado,119
Poison,Royal Giant,118
Bandit,Lumberjack,118
Ice Wizard,Tesla,118
Dart Goblin,Princess,118
Graveyard,Mega Minion,118
Electro Wizard,Minions,118
Inferno Dragon,Magic Archer,117
Miner,Sparky,117
Balloon,Magic Archer,117
Mega Minion,Miner,117
Princess,Skeletons,116
Minions,The Log,116
Furnace,Tornado,115
Princess,Valkyrie,115
Barbarian Barrel,Mega Minion,115
Dart Goblin,Goblin Barrel,115
Royal Giant,Zap,115
Bomb Tower,Graveyard,115
Mega Knight,Minions,114
Inferno Tower,The Log,114
Graveyard,Musketeer,114
Earthquake,Tornado,114
Baby Dragon,Wall Breakers,114
Electro Wizard,Ice Golem,113
Goblin Gang,Ice Spirit,113
Musketeer,Night Witch,113
Minions,Tornado,113
Freeze,Guards,113
Goblin Gang,Night Witch,113
Archers,Poison,113
Archers,Valkyrie,113
Ice Spirit,Knight,112
Ram Rider,Zap,112
Ice Golem,Rocket,112
Goblins,The Log,112
Giant,Tornado,112
Mini P.E.K.K.A,Sparky,112
Freeze,Giant Snowball,112
Lumberjack,Miner,112
Minions,Poison,111
Lightning,Mega Minion,111
Bats,Princess,111
Knight,Zap,111
Earthquake,Executioner,111
Giant Snowball,Mega Minion,110
Bandit,Rocket,110
Baby Dragon,Mini P.E.K.K.A,110
Executioner,Minions,110
Bandit,Ice Golem,110
Bats,Skeleton Army,110
Balloon,Giant Snowball,110
Electro Wizard,Wall Breakers,110
Bats,Hog Rider,110
Hog Rider,Musketeer,110
Mini P.E.K.K.A,Night Witch,110
Skeleton Army,Valkyrie,110
Executioner,Furnace,109
Bomb Tower,Giant Snowball,109
Inferno Dragon,Lumberjack,109
Elixir Golem,Mega Knight,109
Goblin Cage,Poison,109
Goblin Cage,Graveyard,109
Executioner,Inferno Dragon,108
Balloon,Night Witch,108
Mega Knight,Skeleton Army,108
Bomb Tower,Night Witch,108
Goblin Gang,Poison,108
Bats,Tesla,108
Elixir Golem,Freeze,108
Knight,Rocket,107
Barbarian Barrel,Bomb Tower,107
Inferno Dragon,The Log,107
Magic Archer,Royal Ghost,107
Goblins,Miner,107
Ice Wizard,X-Bow,106
Dark Prince,The Log,106
Ice Golem,Wall Breakers,106
Lumberjack,Mega Knight,106
Goblin Barrel,Ice Spirit,106
Bats,P.E.K.K.A,105
Ice Spirit,Wall Breakers,105
Musketeer,Wall Breakers,105
Mini P.E.K.K.A,Poison,105
Electro Wizard,Ice Spirit,105
Mega Minion,Skeletons,105
Baby Dragon,Goblin Gang,104
Miner,Mini P.E.K.K.A,104
Fireball,Night Witch,104
Miner,Princess,103
Baby Dragon,Skeleton Army,103
Freeze,Rocket,103
Giant Snowball,Rocket,103
Ice Wizard,Magic Archer,103
Electro Wizard,Fireball,102
Baby Dragon,Musketeer,102
Bats,Ice Wizard,102
Ice Golem,Mega Minion,102
Dark Prince,Electro Wizard,102
Knight,Poison,102
Baby Dragon,Fireball,102
Tornado,Wizard,102
Executioner,Giant,102
Graveyard,Guards,102
Bomb Tower,Rocket,102
Hog Rider,Rocket,101
Bats,Inferno Dragon,101
Golem,Lumberjack,101
Dark Prince,Executioner,101
Mini P.E.K.K.A,Valkyrie,101
Hog Rider,Miner,101
Balloon,Electro Wizard,100
Ram Rider,Tornado,100
Magic Archer,Tesla,100
Electro Wizard,Freeze,100
Lightning,Lumberjack,100
Goblin Barrel,Skeletons,99
Golem,Skeletons,99
Mega Minion,Valkyrie,99
Night Witch,Tesla,99
Golem,Rocket,99
Electro Wizard,Inferno Dragon,98
Electro Wizard,Mini P.E.K.K.A,98
Minions,P.E.K.K.A,98
Magic Archer,Sparky,98
Skeleton Army,Skeletons,98
Ice Golem,Mega Knight,98
Inferno Dragon,Poison,98
Graveyard,Knight,98
Miner,Skeleton Army,97
Night Witch,Skeleton Army,97
Archers,Baby Dragon,97
Baby Dragon,Knight,97
Inferno Dragon,Skeletons,97
Mini P.E.K.K.A,Rocket,97
Goblin Cage,Zap,97
Bats,Goblin Cage,97
Furnace,The Log,97
Miner,Tesla,97
Wizard,Zap,96
Giant,Skeletons,96
Barbarian Barrel,Dark Prince,95
Freeze,Miner,95
Balloon,Mega Knight,95
Elixir Golem,Ice Spirit,95
Minions,Wall Breakers,95
Freeze,Musketeer,94
Electro Wizard,Goblin Cage,94
Rocket,Sparky,94
Lightning,Wall Breakers,94
Sparky,Valkyrie,93
P.E.K.K.A,Rocket,93
Dark Prince,P.E.K.K.A,93
Balloon,Graveyard,93
Electro Wizard,Skeleton Army,93
Bandit,Elixir Golem,93
Executioner,Ram Rider,92
Baby Dragon,Inferno Dragon,92
Giant Snowball,Goblin Gang,92
Fireball,Poison,92
Bats,Giant,92
Lumberjack,Rocket,92
Giant Snowball,Wall Breakers,92
Archers,Miner,92
Goblins,Zap,92
Inferno Dragon,Valkyrie,92
Lightning,Sparky,91
Baby Dragon,Hog Rider,91
Mega Knight,Princess,91
Baby Dragon,Bomb Tower,91
Hog Rider,Mini P.E.K.K.A,91
Musketeer,Rocket,91
Lightning,Rocket,91
Baby Dragon,Tesla,91
Elixir Golem,Ice Wizard,91
Ice Golem,Mini P.E.K.K.A,91
Goblin Cage,Skeletons,90
Bandit,Goblin Gang,90
Fireball,Mega Knight,90
Freeze,P.E.K.K.A,90
The Log,Wizard,90
Barbarian Barrel,Goblin Gang,90
Freeze,Skeleton Army,90
Barbarian Barrel,Fireball,90
Freeze,Ice Spirit,89
Poison,X-Bow,89
Dart Goblin,Rocket,89
Poison,Ram Rider,89
Mega Knight,Royal Giant,89
Giant Skeleton,Tornado,89
Dart Goblin,Valkyrie,89
Goblin Cage,Magic Archer,89
Freeze,Mega Minion,88
Ice Spirit,Royal Giant,88
Baby Dragon,Furnace,88
Lumberjack,Mega Minion,88
Graveyard,Ice Spirit,88
X-Bow,Zap,88
Prince,The Log,88
Bomb Tower,Mega Knight,88
Night Witch,Princess,87
Electro Wizard,Hog Rider,87
Earthquake,Valkyrie,87
Hog Rider,Poison,87
Ice Spirit,Lightning,87
Golem,Miner,87
Poison,Skeleton Army,87
Mega Knight,P.E.K.K.A,87
Golem,Magic Archer,86
Inferno Dragon,Ram Rider,86
Graveyard,Tesla,86
Goblin Gang,Knight,86
Dark Prince,Skeletons,86
Balloon,Musketeer,86
Hog Rider,Night Witch,86
Poison,Princess,86
Lightning,Royal Giant,86
Bandit,Sparky,85
Dark Prince,Miner,85
Graveyard,P.E.K.K.A,85
Princess,Wall Breakers,85
Graveyard,Skeleton Army,85
Magic Archer,Skeleton Army,85
Goblin Barrel,Mega Knight,85
Arrows,Tornado,85
Electro Wizard,Goblin Gang,85
Bats,Goblin Barrel,84
Bandit,Ice Spirit,84
Ice Wizard,Lightning,84
Giant Snowball,Ice Spirit,84
Bowler,Ice Wizard,84
Bandit,Graveyard,84
Magic Archer,Mini P.E.K.K.A,84
Mega Knight,Sparky,84
Goblin Barrel,Skeleton Army,84
Electro Wizard,Musketeer,84
Golem,Valkyrie,83
Magic Archer,Musketeer,83
Mega Knight,Ram Rider,83
Baby Dragon,Goblin Barrel,83
Elixir Golem,Wall Breakers,83
Baby Dragon,Minions,83
Knight,Tesla,83
Inferno Tower,Tornado,83
Goblin Barrel,Prince,83
Balloon,Skeleton Army,83
Elixir Golem,P.E.K.K.A,83
Ice Spirit,P.E.K.K.A,83
Minions,Skeletons,82
Ram Rider,Skeletons,82
Hog Rider,Magic Archer,82
Earthquake,The Log,82
Balloon,Poison,82
Executioner,Wizard,82
Archers,Bomb Tower,82
Elixir Golem,Giant Snowball,82
Freeze,Tesla,82
Magic Archer,X-Bow,82
Golem,Mega Minion,82
Archers,Magic Archer,82
Ice Spirit,Lumberjack,81
Dart Goblin,Skeletons,81
Ice Wizard,Mega Knight,81
Bats,Mega Minion,81
Earthquake,Skeletons,81
Goblin Barrel,Miner,80
Skeleton Army,Wizard,80
Goblin Cage,Miner,80
Ram Rider,The Log,80
Bomb Tower,Mega Minion,80
Archers,Mega Minion,80
Tombstone,Tornado,80
Bats,X-Bow,80
Baby Dragon,Dark Prince,80
Graveyard,Lumberjack,79
Inferno Dragon,Night Witch,79
Goblin Barrel,Night Witch,79
Freeze,Knight,79
Bomb Tower,Ice Wizard,79
Baby Dragon,Princess,79
Ice Golem,Lightning,79
Fireball,Knight,79
Prince,Princess,79
Barbarian Barrel,Hog Rider,79
Mini P.E.K.K.A,Musketeer,78
Lightning,Minions,78
Dark Prince,Musketeer,78
Giant,The Log,78
Battle Ram,The Log,78
Fireball,Lumberjack,78
Valkyrie,Wizard,78
Prince,Tornado,78
Barbarian Barrel,Mini P.E.K.K.A,78
Freeze,Lightning,78
Dark Prince,Magic Archer,78
Giant Snowball,Inferno Dragon,78
Bowler,Guards,78
Ice Golem,Inferno Dragon,77
Archers,Barbarian Barrel,77
Archers,Knight,77
Elixir Golem,Ice Golem,77
Giant,Poison,77
Lumberjack,Skeleton Army,77
Balloon,Rocket,77
Baby Dragon,Goblins,77
Barbarian Barrel,Goblins,77
P.E.K.K.A,Sparky,77
Archers,Night Witch,77
Arrows,Executioner,76
Goblins,Rocket,76
Dark Prince,Graveyard,76
Furnace,Night Witch,76
Ice Wizard,Wall Breakers,76
Lumberjack,Musketeer,76
Barbarian Barrel,Princess,76
Bomb Tower,Electro Wizard,76
Bomb Tower,Ice Spirit,76
Goblins,Graveyard,76
Elixir Golem,Lumberjack,76
Fireball,Skeleton Army,76
Guards,Ice Wizard,76
Furnace,Skeletons,75
Tornado,Witch,75
Electro Wizard,Mega Minion,75
Bandit,Freeze,75
Knight,Princess,75
Giant,Sparky,75
Balloon,Ice Wizard,75
Bats,Dark Prince,75
Bandit,Fireball,75
Battle Ram,Tornado,75
Freeze,Goblins,75
Giant,Night Witch,75
Minion Horde,Zap,75
Dark Prince,Night Witch,74
Executioner,Giant Skeleton,74
Goblin Barrel,Poison,74
Ice Wizard,Lumberjack,74
Knight,Miner,74
Barbarian Barrel,Knight,74
Archers,Balloon,74
Inferno Tower,Rocket,74
Graveyard,Lightning,73
Ice Spirit,Ice Wizard,73
Magic Archer,Royal Giant,73
Barbarian Barrel,Tesla,73
Mega Knight,Mini P.E.K.K.A,73
Rocket,Royal Giant,73
Baby Dragon,Royal Giant,73
Executioner,Inferno Tower,73
Goblin Gang,Prince,73
Goblin Cage,Ice Golem,72
Battle Ram,Executioner,72
Dart Goblin,Magic Archer,72
Guards,The Log,72
Minions,Night Witch,72
Inferno Dragon,Wall Breakers,72
Dart Goblin,Poison,72
Goblin Barrel,Wall Breakers,72
Cannon Cart,Graveyard,72
Giant,Mini P.E.K.K.A,72
Golem,Mega Knight,72
Bats,Golem,72
Hog Rider,Lightning,72
Giant,Graveyard,72
Goblin Barrel,Inferno Tower,71
P.E.K.K.A,Wall Breakers,71
Musketeer,Tesla,71
Goblin Gang,Ice Golem,71
Goblin Cage,Valkyrie,71
Executioner,Prince,71
Earthquake,Royal Giant,71
Dart Goblin,Night Witch,71
Ice Spirit,Mini P.E.K.K.A,71
Lightning,Mini P.E.K.K.A,71
Electro Wizard,Knight,71
Miner,X-Bow,71
The Log,Witch,71
Hog Rider,Mega Knight,71
Battle Ram,Minions,71
Goblin Gang,Graveyard,70
Balloon,Lightning,70
Bats,Ram Rider,70
Dark Prince,Valkyrie,70
Golem,Poison,70
Elixir Golem,Musketeer,70
Balloon,Fireball,70
Bomb Tower,Lightning,70
Electro Wizard,Ice Wizard,70
Furnace,Valkyrie,70
Magic Archer,Princess,70
Goblin Gang,Inferno Tower,70
Bandit,Dark Prince,69
Ice Spirit,Inferno Tower,69
Dark Prince,Giant Snowball,69
Prince,Zap,69
Inferno Tower,Princess,69
Lightning,Musketeer,69
Freeze,Wizard,69
Fireball,Rocket,69
Archers,Rocket,69
Goblin Barrel,Magic Archer,69
Bandit,Bomb Tower,69
Furnace,Poison,69
Hog Rider,Princess,68
Lumberjack,Sparky,68
Ice Wizard,P.E.K.K.A,68
Royal Ghost,Tornado,68
Bomb Tower,Freeze,68
Bandit,Mini P.E.K.K.A,68
Arrows,Valkyrie,68
Goblin Barrel,Knight,68
Giant Snowball,Princess,68
Fireball,P.E.K.K.A,68
Freeze,Goblin Cage,68
Goblin Cage,Rocket,67
Mega Knight,Tesla,67
Ice Golem,Princess,67
Bats,Royal Giant,67
Lumberjack,Ram Rider,67
Goblin Gang,P.E.K.K.A,67
Magic Archer,Mega Minion,67
Night Witch,Witch,67
Furnace,Rocket,67
Cannon Cart,Poison,66
Giant Snowball,Goblin Barrel,66
Mega Minion,Rocket,66
Bomb Tower,Musketeer,66
Golem,Mini P.E.K.K.A,66
Dart Goblin,Prince,66
Hog Rider,Skeleton Army,66
Barbarian Barrel,Goblin Barrel,66
Graveyard,Wall Breakers,66
Prince,Valkyrie,65
Barbarian Barrel,Skeleton Army,65
Electro Wizard,Tesla,65
Freeze,Hog Rider,65
Night Witch,X-Bow,65
Fireball,Freeze,65
Valkyrie,Witch,65
Arrows,The Log,65
Furnace,Zap,65
Goblin Gang,Lightning,65
Rocket,Skeleton Army,65
Mirror,Tornado,65
Royal Ghost,The Log,65
Fireball,Lightning,65
Bats,Knight,64
Ice Golem,Ram Rider,64
Cannon Cart,Mega Minion,64
Knight,X-Bow,64
Baby Dragon,Wizard,64
Cannon,The Log,64
Goblin Gang,Inferno Dragon,64
Freeze,Sparky,64
Ice Golem,P.E.K.K.A,64
Skeleton Army,Sparky,64
Minions,Valkyrie,64
Balloon,Goblin Cage,64
Fireball,Goblin Gang,64
Mirror,Zap,64
Mega Minion,Sparky,64
Archers,Mega Knight,64
Fireball,Wall Breakers,64
Executioner,Mirror,63
Bomb Tower,Elixir Golem,63
Balloon,P.E.K.K.A,63
Cannon,Fireball,63
Cannon,Skeletons,63
Goblins,Royal Giant,63
Balloon,Elixir Golem,63
Baby Dragon,Witch,63
Executioner,Royal Ghost,62
Dark Prince,Lightning,62
Electro Wizard,Golem,62
Battle Ram,Skeletons,62
Prince,Rocket,62
Musketeer,Sparky,62
Night Witch,Ram Rider,62
Cannon Cart,Ice Golem,62
Cannon,Ice Spirit,62
Cannon,Hog Rider,62
Bowler,Zap,62
Archers,Musketeer,62
Giant,Miner,62
Miner,Ram Rider,62
Graveyard,Sparky,61
Witch,Zap,61
Bandit,Golem,61
Arrows,Skeleton Army,61
Cannon,Musketeer,61
Goblins,Poison,61
Goblins,Skeletons,61
Giant Skeleton,The Log,61
Baby Dragon,Tombstone,61
Minion Horde,The Log,61
Ice Golem,Ice Wizard,61
Inferno Tower,Valkyrie,61
Arrows,Zap,61
Ram Rider,Valkyrie,61
Electro Wizard,Royal Giant,60
Inferno Tower,Skeletons,60
Barbarian Barrel,Tombstone,60
Inferno Tower,Zap,60
Earthquake,Zap,60
Barbarian Barrel,Bowler,60
Guards,Valkyrie,60
Baby Dragon,Dart Goblin,60
Knight,Magic Archer,60
Cannon,Ice Golem,60
Giant,Musketeer,59
Guards,Poison,59
Guards,Zap,59
Elixir Golem,Fireball,59
Baby Dragon,Ram Rider,59
Dart Goblin,Ice Spirit,59
Fireball,Ice Wizard,59
Goblins,Ice Wizard,59
Freeze,Inferno Dragon,59
Magic Archer,Minions,59
Elixir Golem,Skeleton Army,59
Fireball,Giant Snowball,59
Cannon Cart,Giant Snowball,59
Lightning,Tesla,58
Bandit,Skeleton Army,58
Archers,Electro Wizard,58
Inferno Dragon,Rocket,58
Balloon,Bandit,58
Lumberjack,P.E.K.K.A,58
Giant Snowball,Sparky,58
Archers,Lumberjack,58
Baby Dragon,X-Bow,58
Mirror,The Log,58
Lumberjack,Mini P.E.K.K.A,58
Electro Wizard,Furnace,58
Dark Prince,Mega Knight,58
Barbarian Barrel,Giant,58
Giant Snowball,Tesla,57
Balloon,Wizard,57
Goblin Cage,Goblin Gang,57
Goblin Cage,Wall Breakers,57
Furnace,Mini P.E.K.K.A,57
Balloon,Mega Minion,57
Bomb Tower,Cannon Cart,57
Mega Knight,Wizard,57
Goblin Gang,Tesla,57
Fireball,Minions,57
Barbarian Barrel,Dart Goblin,57
Musketeer,P.E.K.K.A,57
Goblin Gang,Skeleton Army,57
Elixir Golem,Mini P.E.K.K.A,57
Barbarian Barrel,Royal Giant,57
Archers,Goblin Cage,57
Bowler,The Log,57
Electro Wizard,Wizard,57
P.E.K.K.A,Skeleton Army,57
Ice Golem,Minions,57
Executioner,Tombstone,57
Guards,Skeletons,56
Giant Snowball,Skeleton Army,56
Electro Wizard,Princess,56
Knight,Night Witch,56
Miner,Minion Horde,56
Inferno Tower,Knight,56
Elixir Golem,Mega Minion,56
Baby Dragon,Battle Ram,56
Executioner,Witch,56
Bowler,Poison,56
Tesla,Wall Breakers,56
Graveyard,Mini P.E.K.K.A,56
Earthquake,Ice Spirit,56
Goblin Barrel,Tesla,55
Bandit,Tesla,55
Dart Goblin,Giant Snowball,55
Bandit,Goblin Cage,55
Hog Rider,P.E.K.K.A,55
Knight,Valkyrie,55
Mirror,Skeletons,55
Balloon,Mini P.E.K.K.A,55
Inferno Tower,Miner,55
Princess,Tesla,55
Baby Dragon,Giant Skeleton,55
Mini P.E.K.K.A,Princess,55
Baby Dragon,Royal Ghost,55
Giant,Giant Snowball,55
Bandit,Princess,55
Freeze,Mini P.E.K.K.A,55
Giant Skeleton,Magic Archer,55
Baby Dragon,Prince,55
Fireball,Mini P.E.K.K.A,55
Barbarian Barrel,Battle Ram,54
Earthquake,Hog Rider,54
Rascals,The Log,54
Archers,Cannon Cart,54
Giant Skeleton,Zap,54
Arrows,Baby Dragon,54
Giant Snowball,Ice Wizard,54
Lumberjack,Wizard,54
Night Witch,Royal Giant,54
Ice Wizard,Knight,54
Mega Minion,Musketeer,54
Mini P.E.K.K.A,Skeleton Army,54
Minion Horde,Tornado,54
Princess,Skeleton Army,54
Mega Knight,Witch,54
Rascals,Rocket,54
Earthquake,Miner,54
Lightning,Skeleton Army,54
Giant Snowball,Mini P.E.K.K.A,54
Barbarian Barrel,Guards,53
Inferno Tower,Poison,53
Knight,Musketeer,53
Guards,Night Witch,53
Bomb Tower,Fireball,53
Elixir Golem,Hog Rider,53
Golem,Wall Breakers,53
Sparky,Wall Breakers,53
Mini P.E.K.K.A,P.E.K.K.A,53
Elixir Golem,Goblin Gang,53
Hog Rider,Wizard,53
Elixir Golem,Princess,53
Archers,Lightning,53
Giant,Valkyrie,53
Archers,Bandit,53
Princess,Rascals,53
Ice Spirit,Sparky,53
Ice Wizard,Musketeer,52
Electro Wizard,Giant,52
Bomb Tower,Hog Rider,52
Goblin Gang,Golem,52
Minion Horde,Skeleton Army,52
Fireball,Wizard,52
Mini P.E.K.K.A,Wall Breakers,52
Giant Skeleton,Skeletons,52
Barbarian Barrel,Furnace,52
Elixir Golem,Tesla,52
Goblins,Ice Spirit,52
Barbarian Barrel,X-Bow,52
Goblin Barrel,Rascals,52
Bandit,Hog Rider,52
Freeze,Goblin Gang,52
Golem,Ice Spirit,52
Fireball,Graveyard,52
Ice Golem,Sparky,52
Goblin Gang,Hog Rider,52
Balloon,Minions,52
Lumberjack,Wall Breakers,52
P.E.K.K.A,Royal Giant,51
P.E.K.K.A,Tesla,51
Giant Skeleton,Night Witch,51
Poison,Tombstone,51
Balloon,Inferno Dragon,51
Musketeer,Skeleton Army,51
Goblin Gang,Musketeer,51
Night Witch,Wizard,51
Furnace,Graveyard,51
Knight,Mega Knight,51
Cannon Cart,Tornado,51
Prince,Skeletons,51
Earthquake,Poison,51
Minions,Royal Ghost,51
Arrows,Skeletons,50
Night Witch,Royal Ghost,50
Bats,Minions,50
Golem,P.E.K.K.A,50
Fireball,Goblin Barrel,50
Balloon,Tesla,50
Mega Minion,P.E.K.K.A,50
Bandit,Goblin Barrel,50
Goblin Gang,Lumberjack,50
Balloon,Rage,50
Giant Snowball,Golem,50
Ice Wizard,Mega Minion,50
Electro Wizard,X-Bow,50
Arrows,Electro Wizard,50
Giant Snowball,Prince,50
Bowler,Valkyrie,50
Arrows,Night Witch,50
Mirror,Rocket,50
Fireball,Princess,50
Lightning,Princess,49
Mega Knight,Mega Minion,49
Balloon,Sparky,49
Archers,Wall Breakers,49
Dark Prince,Rocket,49
Giant,Skeleton Army,49
Goblins,Hog Rider,49
Royal Giant,Skeleton Army,49
Goblins,Night Witch,49
Magic Archer,Witch,49
Balloon,Wall Breakers,49
Tombstone,Zap,49
Skeletons,Wizard,49
Dark Prince,Sparky,49
Bandit,Ice Wizard,49
Graveyard,Princess,49
Poison,Prince,48
Balloon,Goblin Gang,48
Miner,Wizard,48
Knight,Royal Giant,48
Electro Wizard,Goblin Barrel,48
Goblin Gang,Rascals,48
Bats,Guards,48
Mega Knight,X-Bow,48
Musketeer,Princess,48
Goblin Barrel,Musketeer,48
Fireball,Sparky,48
Mega Minion,Wall Breakers,48
Fireball,Mega Minion,48
Bowler,Skeletons,48
Bats,Mirror,48
Hog Rider,Wall Breakers,48
Giant Snowball,Hog Rider,48
Bomb Tower,Goblin Gang,48
Executioner,Minion Horde,48
Barbarian Barrel,Inferno Tower,48
Ice Spirit,Skeleton Army,48
Graveyard,Inferno Dragon,48
Hog Rider,Lumberjack,47
Minions,Sparky,47
Giant,Magic Archer,47
Arrows,Mega Knight,47
Goblin Barrel,Graveyard,47
Goblin Gang,Ice Wizard,47
Ice Spirit,Inferno Dragon,47
Royal Ghost,Skeletons,47
Bandit,Mega Minion,47
Fireball,Inferno Dragon,46
Elixir Golem,Witch,46
Mega Minion,Royal Giant,46
Graveyard,Tombstone,46
Goblin Barrel,Goblin Cage,46
Hog Rider,Ice Wizard,46
Elixir Golem,Goblin Barrel,46
Goblin Gang,Mini P.E.K.K.A,46
Hog Rider,Sparky,46
Goblin Cage,Princess,46
Goblin Barrel,Lightning,46
Battle Ram,Night Witch,46
Fireball,Royal Giant,46
Lumberjack,Tesla,46
Goblin Cage,Ice Spirit,46
Guards,Lumberjack,46
Archers,Goblin Gang,46
Skeleton Army,Wall Breakers,46
Golem,Ice Golem,46
Furnace,Miner,46
Mini P.E.K.K.A,Minions,46
Magic Archer,Wizard,46
Furnace,Magic Archer,46
Goblin Gang,Royal Giant,46
Minions,Skeleton Army,46
Poison,Witch,45
Archers,Skeleton Army,45
Bats,Spear Goblins,45
Furnace,Lightning,45
Minions,Rocket,45
Wall Breakers,X-Bow,45
Balloon,Guards,45
Archers,P.E.K.K.A,45
Battle Ram,Valkyrie,45
Dark Prince,Freeze,45
Ice Golem,Skeleton Army,45
Minion Horde,Skeletons,45
Bowler,Lumberjack,45
Dark Prince,Wall Breakers,45
Battle Ram,Miner,44
Dark Prince,Mega Minion,44
Guards,Mega Minion,44
Ice Wizard,Royal Giant,44
Dart Goblin,Ice Golem,44
Graveyard,Hog Rider,44
The Log,Tombstone,44
P.E.K.K.A,Wizard,44
Inferno Dragon,Skeleton Army,44
Bomb Tower,P.E.K.K.A,44
Mega Minion,Mini P.E.K.K.A,44
Ice Wizard,Tombstone,44
Arrows,Balloon,44
Graveyard,X-Bow,43
Arrows,Bats,43
Giant Snowball,X-Bow,43
Musketeer,X-Bow,43
Freeze,Goblin Barrel,43
Goblins,Mega Knight,43
Balloon,Bowler,43
Ice Spirit,Minions,43
Poison,Wizard,43
Freeze,Witch,43
Earthquake,Magic Archer,43
Bats,Goblins,43
Furnace,Mega Minion,43
Hog Rider,Tesla,43
Bats,Wizard,43
Bats,Inferno Tower,43
Bandit,Dart Goblin,43
Golem,Skeleton Army,43
Prince,Rascals,43
Goblin Cage,Lumberjack,43
Arrows,Lightning,43
Rage,Zap,42
Ice Spirit,Mega Minion,42
Bats,Furnace,42
Bandit,Royal Giant,42
Knight,Lightning,42
Giant Skeleton,Graveyard,42
Ice Wizard,Skeleton Army,42
Skeleton Army,Witch,42
Dark Prince,Elixir Golem,42
Guards,Rocket,42
Electro Wizard,Witch,42
Dart Goblin,Lightning,42
Goblin Barrel,Ice Wizard,42
Electro Wizard,Inferno Tower,42
Barbarian Barrel,Royal Ghost,42
Dart Goblin,Goblin Cage,42
Bomb Tower,X-Bow,42
Furnace,Musketeer,42
Dark Prince,Fireball,42
Dark Prince,Mini P.E.K.K.A,42
Freeze,Wall Breakers,42
Ice Wizard,Sparky,42
Elixir Golem,Goblins,42
Baby Dragon,Inferno Tower,42
Hog Rider,Minions,42
Princess,Royal Giant,42
Arrows,Rocket,42
Bats,Prince,41
Barbarians,Zap,41
Dart Goblin,Skeleton Army,41
Bowler,Night Witch,41
Balloon,Golem,41
Goblin Barrel,P.E.K.K.A,41
Hog Rider,Knight,41
Battle Ram,Lightning,41
Cannon Cart,Miner,41
Freeze,Giant Skeleton,41
Giant Snowball,Guards,41
Ice Wizard,Princess,41
Goblins,Knight,41
Prince,Wall Breakers,41
Goblin Gang,Minion Horde,41
Inferno Dragon,Lightning,41
Dart Goblin,Electro Wizard,41
Fireball,Golem,41
Goblins,Magic Archer,41
Inferno Dragon,Sparky,41
Giant Snowball,Royal Giant,41
Barbarian Barrel,Earthquake,41
Balloon,Bomb Tower,41
Freeze,Mirror,41
Dart Goblin,Rascals,41
Cannon Cart,Executioner,41
Dart Goblin,Elixir Golem,41
Arrows,Miner,41
Hog Rider,Mega Minion,40
Dart Goblin,Graveyard,40
Golem,Minions,40
Miner,Prince,40
Arrows,Minion Horde,40
Bowler,Knight,40
Guards,Miner,40
Goblin Gang,Mega Minion,40
Skeleton Army,Tesla,40
Arrows,Barbarian Barrel,40
Furnace,Mega Knight,40
Barbarian Barrel,Prince,40
Skeletons,Tombstone,40
Elixir Golem,Minions,40
Elixir Golem,Goblin Cage,40
Furnace,Golem,40
Baby Dragon,Cannon Cart,40
Graveyard,Royal Giant,40
Bomb Tower,Goblins,40
Miner,Witch,40
Earthquake,Goblins,39
Bandit,Giant,39
Bandit,Knight,39
Bandit,Wizard,39
Minion Horde,Wizard,39
Ice Golem,Knight,39
Fireball,Goblins,39
Goblin Cage,Skeleton Army,39
Electro Wizard,Goblins,39
Barbarian Barrel,Wizard,39
Earthquake,Ice Golem,39
Inferno Tower,Night Witch,39
Barbarian Barrel,Giant Skeleton,39
Knight,Lumberjack,39
Royal Giant,Wall Breakers,39
Goblin Cage,Ice Wizard,39
P.E.K.K.A,X-Bow,39
Lightning,Wizard,39
Dark Prince,Ice Golem,39
Battle Ram,Ice Golem,38
Freeze,X-Bow,38
Balloon,Giant Skeleton,38
Mega Knight,Prince,38
Giant Snowball,Minions,38
Minion Horde,Valkyrie,38
Bomb Tower,Lumberjack,38
Inferno Tower,Magic Archer,38
Freeze,Royal Giant,38
Goblin Cage,P.E.K.K.A,38
Battle Ram,Mega Knight,38
Bomb Tower,Sparky,38
Rocket,Wizard,38
Night Witch,Prince,38
Furnace,P.E.K.K.A,38
Freeze,Ram Rider,38
Archers,Elixir Golem,38
Goblins,Wall Breakers,38
Hog Rider,Royal Giant,38
Bandit,X-Bow,38
Balloon,Hog Rider,38
Fireball,Minion Horde,38
Rage,Tornado,38
Freeze,Furnace,38
Elixir Golem,X-Bow,38
Mega Minion,Skeleton Army,38
Mini P.E.K.K.A,Wizard,38
Skeletons,Witch,38
Arrows,Poison,38
Cannon Cart,The Log,38
Lumberjack,Mirror,38
Cannon Cart,Zap,38
Dark Prince,Minions,38
Lightning,X-Bow,37
Goblins,Sparky,37
Giant,Mega Knight,37
Goblin Barrel,Hog Rider,37
Giant Skeleton,Valkyrie,37
Goblin Barrel,Royal Giant,37
Mega Minion,Minions,37
Arrows,Sparky,37
Royal Ghost,Valkyrie,37
Night Witch,Tombstone,37
Dark Prince,Ice Spirit,37
Princess,Sparky,37
Balloon,Witch,37
Dark Prince,Ice Wizard,37
Inferno Dragon,Wizard,37
Inferno Tower,Skeleton Army,37
Baby Dragon,Lava Hound,37
Bowler,Rocket,37
Goblin Barrel,Sparky,37
Ice Wizard,Inferno Dragon,37
Guards,Lightning,37
Bowler,Electro Wizard,37
Bomb Tower,Tesla,37
Archers,Hog Rider,37
Arrows,Freeze,37
Dark Prince,Giant,37
Elixir Golem,Inferno Dragon,37
Archers,Golem,36
Furnace,Royal Giant,36
Goblin Barrel,Ice Golem,36
Bowler,Magic Archer,36
Goblin Gang,Sparky,36
Freeze,Princess,36
Graveyard,Minions,36
Guards,Magic Archer,36
Baby Dragon,Giant,36
Bowler,Musketeer,36
Goblin Gang,Minions,36
Balloon,Minion Horde,36
Fireball,Prince,36
Witch,Wizard,36
Inferno Tower,Lightning,36
Elixir Golem,Royal Ghost,36
Goblin Barrel,Mini P.E.K.K.A,36
Barbarian Barrel,Witch,36
Bomb Tower,Goblin Barrel,36
Hog Rider,Inferno Dragon,36
Mega Knight,Minion Horde,36
P.E.K.K.A,Princess,36
Fireball,Giant,36
Graveyard,Wizard,36
Mirror,Valkyrie,36
Ram Rider,Rocket,36
Giant Skeleton,Poison,36
Knight,P.E.K.K.A,36
Battle Ram,Dark Prince,35
Lumberjack,Witch,35
Golem,Tesla,35
Goblin Cage,Mega Minion,35
Elixir Golem,Knight,35
Goblin Giant,Sparky,35
Rascals,Tornado,35
Musketeer,Royal Giant,35
Golem,Ice Wizard,35
Goblin Cage,Tesla,35
Ram Rider,Wall Breakers,35
Archers,Ice Wizard,35
Lightning,Prince,35
Balloon,Knight,35
Knight,Skeleton Army,35
Spear Goblins,Tornado,35
Bats,Mortar,35
Earthquake,Night Witch,35
Bats,Earthquake,35
Archers,Bowler,35
Royal Giant,Sparky,35
Fireball,Goblin Cage,34
Elixir Golem,Giant Skeleton,34
Dart Goblin,Tesla,34
Lumberjack,Royal Giant,34
Miner,Spear Goblins,34
Fire Spirits,Zap,34
Minion Horde,Rocket,34
Clone,Tornado,34
Freeze,Inferno Tower,34
Arrows,Bandit,34
Golem,Sparky,34
Giant Skeleton,Skeleton Army,34
Barbarians,The Log,34
Cannon Cart,Freeze,34
Bomb Tower,Minions,34
Arrows,Hog Rider,34
Clone,Night Witch,34
Baby Dragon,Earthquake,34
Freeze,Golem,34
Giant,Wall Breakers,34
Mini P.E.K.K.A,Ram Rider,34
Hog Rider,Inferno Tower,34
Lightning,Tombstone,33
Freeze,Giant,33
Ice Golem,Mirror,33
Giant Skeleton,Miner,33
Goblin Barrel,Minions,33
Battle Ram,Rocket,33
Electro Wizard,Rage,33
Battle Ram,Elixir Golem,33
Archers,Goblin Barrel,33
Electro Wizard,Prince,33
Giant Snowball,Knight,33
Giant Skeleton,Rocket,33
Clone,Lumberjack,33
Elixir Golem,Golem,33
Giant,Rocket,33
Giant,Goblin Gang,33
Dart Goblin,Lumberjack,33
Spear Goblins,The Log,33
Elixir Golem,Guards,33
Elixir Golem,Furnace,33
Arrows,Goblin Gang,33
Bats,Minion Horde,33
Mirror,Sparky,33
Goblin Cage,Musketeer,33
Bomber,Tornado,33
Miner,Tombstone,33
Goblin Gang,X-Bow,33
Baby Dragon,Rage,33
Balloon,Furnace,33
Tombstone,Valkyrie,33
Bomb Tower,Inferno Dragon,33
Balloon,Inferno Tower,33
Fireball,Mirror,33
Dart Goblin,Royal Giant,32
Arrows,Graveyard,32
Electro Wizard,Guards,32
Sparky,Witch,32
Fire Spirits,Tornado,32
Executioner,Rage,32
Furnace,Hog Rider,32
Baby Dragon,Minion Horde,32
Ice Wizard,Mini P.E.K.K.A,32
Dart Goblin,Freeze,32
Bomber,Zap,32
Cannon Cart,Skeletons,32
Arrows,Mega Minion,32
Mini P.E.K.K.A,Royal Giant,32
Archers,Sparky,32
Inferno Dragon,P.E.K.K.A,32
Knight,Sparky,32
Lightning,Royal Ghost,32
Miner,Royal Ghost,32
Goblin Barrel,Mirror,32
Magic Archer,Minion Horde,32
Battle Ram,Lumberjack,32
Rocket,Royal Ghost,32
Musketeer,Prince,32
Elixir Golem,Royal Giant,32
Mini P.E.K.K.A,Tesla,32
Golem,Inferno Dragon,31
Mini P.E.K.K.A,Rage,31
Lumberjack,Minions,31
Mortar,The Log,31
Earthquake,Graveyard,31
Lava Hound,Miner,31
Inferno Tower,Lumberjack,31
Freeze,Minions,31
Bowler,Elixir Golem,31
Rocket,Witch,31
Goblin Cage,Minions,31
Ice Golem,Inferno Tower,31
Goblin Barrel,Wizard,31
Dark Prince,Goblin Gang,31
Earthquake,Mini P.E.K.K.A,31
Goblin Barrel,Golem,31
Dart Goblin,Golem,31
Bomb Tower,Mini P.E.K.K.A,31
Inferno Tower,Mega Knight,31
Sparky,Tesla,31
Barbarians,Mega Minion,31
Archers,Inferno Dragon,31
Bowler,Tesla,31
Balloon,Mirror,31
Goblins,Ice Golem,31
Lumberjack,Princess,31
Ice Wizard,Wizard,31
Minion Horde,Sparky,31
Arrows,Goblin Barrel,31
Arrows,Wizard,31
Dark Prince,Princess,31
Arrows,Golem,30
Lava Hound,Mega Minion,30
Goblin Barrel,Minion Horde,30
Dark Prince,Goblin Barrel,30
Fireball,Inferno Tower,30
Tesla,Wizard,30
Magic Archer,Tombstone,30
Mega Minion,Princess,30
Electro Wizard,Giant Skeleton,30
Furnace,Goblin Barrel,30
Poison,Spear Goblins,30
Barbarians,Tornado,30
Bowler,Inferno Dragon,30
Goblin Gang,Mirror,30
Ice Spirit,Ram Rider,30
Bats,Battle Ram,30
Knight,Mini P.E.K.K.A,30
Mega Knight,Three Musketeers,30
Elixir Golem,Ram Rider,30
Bomb Tower,Princess,30
Fireball,Ram Rider,30
Goblin Cage,Hog Rider,30
Fireball,Witch,30
Goblin Gang,Wizard,30
Elixir Golem,Wizard,30
Guards,Hog Rider,30
Golem,Graveyard,30
Sparky,Wizard,30
Graveyard,Prince,30
Archers,Princess,30
Giant Skeleton,Mega Knight,30
Bandit,Goblins,30
Freeze,Tombstone,30
Archers,Mini P.E.K.K.A,30
Golem,Hog Rider,30
Bomb Tower,Royal Giant,30
Battle Ram,Fireball,30
Minion Horde,Night Witch,30
Golem,Musketeer,30
Rage,Valkyrie,29
Giant Snowball,Spear Goblins,29
Bandit,Witch,29
Fisherman,The Log,29
Bowler,Skeleton Army,29
Prince,Skeleton Army,29
Lumberjack,X-Bow,29
Bats,Giant Skeleton,29
Goblin Giant,Zap,29
Fire Spirits,The Log,29
Dart Goblin,Mini P.E.K.K.A,29
Arrows,Magic Archer,29
Minions,Princess,29
Barbarian Barrel,Cannon Cart,29
Bats,Witch,29
Knight,Mega Minion,29
Baby Dragon,Clone,29
Magic Archer,Prince,29
Bats,Royal Ghost,29
Minion Horde,Poison,29
Battle Ram,Mini P.E.K.K.A,29
Dark Prince,Tesla,29
Inferno Dragon,Princess,29
Dart Goblin,Ice Wizard,29
Ice Spirit,Mirror,29
Electro Wizard,Goblin Giant,29
Clone,Skeleton Army,29
Hog Rider,Minion Horde,29
Arrows,P.E.K.K.A,29
Furnace,Goblin Gang,29
Sparky,X-Bow,29
Giant Snowball,Inferno Tower,29
P.E.K.K.A,Witch,29
Bats,Clone,28
Fireball,Furnace,28
Barbarians,Miner,28
Goblin Cage,Mini P.E.K.K.A,28
Bats,Bowler,28
Clone,Skeletons,28
Mega Minion,Tesla,28
Inferno Dragon,Knight,28
Bomb Tower,Golem,28
Dark Prince,Goblin Cage,28
Dart Goblin,Fireball,28
Goblin Cage,Sparky,28
Bomb Tower,Dart Goblin,28
Golem,Princess,28
Miner,Mirror,28
Royal Giant,Tesla,28
Battle Ram,Goblin Gang,28
Electro Wizard,Minion Horde,28
Mega Knight,Royal Ghost,28
Archers,Guards,28
Musketeer,Ram Rider,28
Giant Snowball,Goblins,28
Arrows,Musketeer,28
Clone,Executioner,28
Furnace,Ice Golem,28
Clone,The Log,28
Dart Goblin,Hog Rider,28
Bandit,Minion Horde,28
Guards,Ice Spirit,28
Mirror,Skeleton Army,28
Balloon,Clone,28
Ice Wizard,Minions,28
Inferno Dragon,Tesla,28
Bandit,Furnace,28
Bowler,Lightning,27
Earthquake,Giant Snowball,27
Ice Golem,Royal Giant,27
Bomber,Executioner,27
Cannon Cart,Valkyrie,27
Bomber,The Log,27
Elixir Golem,Mirror,27
Bowler,Mega Knight,27
Furnace,Lumberjack,27
Ice Golem,Wizard,27
Giant Snowball,Rascals,27
Cannon Cart,Night Witch,27
Graveyard,Ram Rider,27
Bomb Tower,Skeleton Army,27
Goblin Cage,Ram Rider,27
Inferno Dragon,Mega Minion,27
Goblins,P.E.K.K.A,27
Miner,Rascals,27
Executioner,Rascals,27
Goblin Cage,Royal Giant,27
Battle Ram,Musketeer,27
Ice Spirit,Wizard,27
Lava Hound,Zap,27
Bowler,Miner,27
Bats,Skeleton Barrel,27
Dark Prince,Ram Rider,27
Battle Ram,Graveyard,27
Mortar,Tornado,27
Balloon,X-Bow,27
Miner,Mortar,27
Giant,Mega Minion,27
Arrows,Minions,27
Bandit,Inferno Tower,27
Golem,Ram Rider,27
Giant,Minions,26
Knight,Wall Breakers,26
Arrows,Lumberjack,26
Dart Goblin,Musketeer,26
Inferno Tower,Wall Breakers,26
Elixir Golem,Giant,26
Goblin Barrel,Mega Minion,26
Giant Skeleton,Ice Wizard,26
Golem,Wizard,26
Earthquake,Freeze,26
Mega Minion,Tombstone,26
Earthquake,Electro Wizard,26
Earthquake,Rocket,26
Elixir Collector,Zap,26
Arrows,Fireball,26
Night Witch,Rage,26
Bomber,Night Witch,26
Arrows,Furnace,26
Elixir Golem,Tombstone,26
Furnace,Sparky,26
Clone,Giant Skeleton,26
Furnace,Giant Snowball,26
Rage,Wizard,26
Arrows,Mini P.E.K.K.A,26
Battle Ram,Sparky,26
Royal Ghost,Sparky,26
Baby Dragon,Mirror,26
Goblin Gang,Spear Goblins,26
Goblin Barrel,Inferno Dragon,26
Inferno Tower,Wizard,26
Dart Goblin,P.E.K.K.A,26
Giant Skeleton,Lightning,26
Goblin Hut,Zap,25
Graveyard,Spear Goblins,25
Mirror,Night Witch,25
Battle Ram,Wall Breakers,25
Earthquake,Ice Wizard,25
Cannon Cart,Electro Wizard,25
Lightning,Three Musketeers,25
Goblin Cage,Inferno Dragon,25
Mirror,Tesla,25
Bomb Tower,Dark Prince,25
Bomb Tower,Earthquake,25
Goblin Barrel,Lumberjack,25
Battle Ram,Giant Snowball,25
Archers,Minions,25
Lumberjack,Minion Horde,25
Minions,Wizard,25
Royal Giant,X-Bow,25
Lightning,Minion Horde,25
Mini P.E.K.K.A,Witch,25
Lava Hound,Tornado,25
Giant Skeleton,Hog Rider,25
Giant,P.E.K.K.A,25
Furnace,Ice Spirit,25
Skeleton Army,Spear Goblins,25
Arrows,Elixir Golem,25
Arrows,Royal Giant,25
Goblin Gang,Goblins,25
Giant,Ice Spirit,25
Hog Rider,X-Bow,25
Archers,Wizard,25
Goblins,Musketeer,25
Minions,Ram Rider,25
Baby Dragon,Fisherman,25
Balloon,Dart Goblin,25
Goblin Hut,Poison,25
Bomb Tower,Goblin Cage,25
Guards,P.E.K.K.A,25
Furnace,Skeleton Army,24
Rage,Skeleton Army,24
Rascals,Zap,24
Baby Dragon,Goblin Hut,24
Arrows,Inferno Tower,24
Electro Wizard,Mirror,24
Magic Archer,Mirror,24
Arrows,Ice Spirit,24
Executioner,Spear Goblins,24
Dark Prince,Skeleton Army,24
Bowler,Hog Rider,24
Goblin Giant,Lightning,24
Furnace,Wall Breakers,24
Spear Goblins,Zap,24
Arrows,Inferno Dragon,24
Inferno Dragon,Musketeer,24
Lava Hound,Lightning,24
Barbarians,Fireball,24
Fire Spirits,Skeletons,24
Three Musketeers,Zap,24
Archers,Mirror,24
Elixir Collector,Ice Golem,24
Minions,Tesla,24
Mega Minion,X-Bow,24
Knight,Minions,24
Lava Hound,Night Witch,24
Lumberjack,Royal Ghost,24
Dart Goblin,Knight,24
Minion Horde,Princess,24
Goblins,Mini P.E.K.K.A,24
Mega Minion,Prince,24
Earthquake,Knight,24
Miner,Rage,24
Minion Horde,P.E.K.K.A,24
Balloon,Goblins,24
Furnace,Minion Horde,24
Giant Snowball,Wizard,24
Royal Giant,Wizard,24
Goblins,Lightning,24
Barbarians,Lightning,24
Knight,Wizard,24
Rage,The Log,24
Bandit,Cannon Cart,23
Bowler,Ice Spirit,23
Goblins,Tesla,23
Ice Golem,Minion Horde,23
Ice Spirit,Prince,23
Golem,X-Bow,23
Giant Skeleton,Ice Spirit,23
Ice Wizard,Prince,23
Inferno Tower,Musketeer,23
Bowler,Goblin Gang,23
Cannon Cart,Magic Archer,23
Baby Dragon,Barbarians,23
Goblin Cage,X-Bow,23
Clone,Zap,23
Barbarian Barrel,Minion Horde,23
Earthquake,Mega Knight,23
Ice Wizard,Ram Rider,23
Mega Knight,Skeleton Barrel,23
Executioner,Three Musketeers,23
Clone,Rocket,23
Giant Snowball,Witch,23
Lightning,Witch,23
Goblin Giant,The Log,23
Barbarians,Executioner,23
Executioner,Fire Spirits,23
Balloon,Royal Giant,23
Mega Knight,Mirror,23
Bandit,Giant Skeleton,23
Musketeer,Wizard,23
Giant Skeleton,Sparky,23
Giant,Lightning,23
Furnace,Ice Wizard,23
Miner,Three Musketeers,23
Archers,Inferno Tower,23
Guards,Inferno Dragon,23
Mortar,Rocket,23
Goblin Cage,Knight,23
Electro Wizard,Fisherman,23
Goblins,Princess,23
Battle Ram,Freeze,23
Graveyard,Witch,23
Fisherman,Poison,23
Giant Skeleton,Giant Snowball,23
Ice Spirit,Witch,23
Fire Spirits,Night Witch,22
Magic Archer,Rage,22
Battle Ram,Tesla,22
Fireball,Royal Ghost,22
Balloon,Dark Prince,22
P.E.K.K.A,Tombstone,22
Furnace,Minions,22
Bowler,Mega Minion,22
Baby Dragon,Flying Machine,22
Fisherman,Giant Snowball,22
Rage,Skeletons,22
Goblin Cage,Prince,22
Cannon,Zap,22
Lava Hound,The Log,22
Guards,Sparky,22
Bandit,Prince,22
Guards,Mega Knight,22
Inferno Dragon,X-Bow,22
Ice Spirit,Royal Ghost,22
Baby Dragon,Bomber,22
Golem,Royal Giant,22
Knight,Ram Rider,22
Earthquake,Wall Breakers,22
Royal Ghost,Wall Breakers,22
Archers,Royal Giant,22
Dark Prince,Lumberjack,22
Cannon,Valkyrie,22
Dark Prince,Furnace,22
Miner,Skeleton Barrel,22
Poison,Rascals,22
Electro Wizard,Goblin Hut,22
Elixir Golem,Inferno Tower,22
Graveyard,Inferno Tower,22
Guards,Wizard,22
Skeletons,Spear Goblins,22
Dark Prince,Royal Giant,22
Barbarian Barrel,Rascals,22
Archers,Prince,22
Baby Dragon,Spear Goblins,22
Freeze,Minion Horde,22
Furnace,Mirror,22
Inferno Tower,Sparky,22
Inferno Dragon,Mirror,22
Executioner,Goblin Giant,22
Goblin Giant,Tornado,22
Bomb Tower,Giant Skeleton,22
Ram Rider,Sparky,22
Dart Goblin,Sparky,22
Skeleton Barrel,Tornado,22
Bats,Cannon Cart,21
Mega Knight,Spear Goblins,21
P.E.K.K.A,Prince,21
Balloon,Goblin Barrel,21
Minions,Rage,21
Fire Spirits,Valkyrie,21
Magic Archer,Spear Goblins,21
Electro Wizard,Tombstone,21
Battle Ram,Ice Spirit,21
Giant Snowball,Royal Ghost,21
Ice Golem,Prince,21
Goblin Cage,Wizard,21
Musketeer,Witch,21
Golem,Prince,21
Minion Horde,Prince,21
Goblin Gang,Ram Rider,21
Bowler,Fireball,21
Arrows,Ice Wizard,21
Balloon,Ram Rider,21
Baby Dragon,Fire Spirits,21
Balloon,Prince,21
Ice Wizard,Inferno Tower,21
Elixir Golem,Minion Horde,21
Skeleton Barrel,The Log,21
Barbarians,Minion Horde,21
Furnace,Giant Skeleton,21
Goblins,Minions,21
Bats,Rage,21
Barbarians,Bats,21
Goblin Barrel,Witch,21
Giant Skeleton,Musketeer,21
Bomb Tower,Knight,21
Barbarian Barrel,Lava Hound,21
Lava Hound,Poison,21
P.E.K.K.A,Three Musketeers,21
Goblin Giant,Poison,21
Bandit,Three Musketeers,21
Freeze,Prince,21
Hunter,Poison,21
Bowler,Wizard,21
Freeze,Rage,21
Ice Golem,Three Musketeers,21
Barbarian Barrel,Hunter,21
Giant,Ice Golem,21
Mirror,X-Bow,21
Bowler,Sparky,21
Princess,Witch,20
Dart Goblin,Inferno Tower,20
Dark Prince,Hog Rider,20
Balloon,Earthquake,20
Giant,Ice Wizard,20
Clone,Miner,20
Barbarians,Skeletons,20
Inferno Tower,P.E.K.K.A,20
Dark Prince,Knight,20
Minion Horde,Royal Giant,20
Golem,Witch,20
Lava Hound,Tombstone,20
Bats,Flying Machine,20
Mortar,Valkyrie,20
Graveyard,Royal Ghost,20
Battle Ram,Skeleton Army,20
Fireball,Spear Goblins,20
Furnace,Princess,20
Balloon,Princess,20
Minions,Royal Giant,20
Dart Goblin,Mega Minion,20
Elite Barbarians,Executioner,20
Fire Spirits,Lumberjack,20
Goblin Hut,The Log,20
Dark Prince,Golem,20
Goblin Hut,Tornado,20
Dart Goblin,Minions,20
Furnace,Knight,20
Archers,Dark Prince,20
Dark Prince,X-Bow,20
Goblins,Skeleton Army,20
Inferno Dragon,Mini P.E.K.K.A,20
Elixir Collector,The Log,20
Guards,Musketeer,20
Earthquake,Lumberjack,20
Wall Breakers,Witch,20
Mortar,Skeletons,20
Bats,Cannon,20
Flying Machine,Tornado,20
Inferno Dragon,Lava Hound,20
Bomb Tower,Ram Rider,20
Arrows,Witch,20
Goblin Barrel,X-Bow,20
Mega Minion,Minion Horde,20
Bats,Rascals,20
Inferno Dragon,Witch,20
Fire Spirits,Rocket,20
Goblin Barrel,Goblins,20
Ice Golem,Royal Ghost,20
Spear Goblins,Valkyrie,20
Dart Goblin,Goblins,20
Cannon,Tornado,20
Electro Wizard,Spear Goblins,20
Rage,Sparky,20
Bomb Tower,Giant,20
Fire Spirits,Miner,20
Barbarians,Hog Rider,20
Ice Wizard,Mirror,20
Arrows,Giant,20
Goblin Hut,Miner,20
Clone,Valkyrie,20
Battle Ram,Bomb Tower,20
Golem,Knight,20
Battle Ram,Mega Minion,19
Knight,Tombstone,19
Goblin Giant,Minions,19
Mega Knight,Tombstone,19
Barbarians,Royal Giant,19
Giant Skeleton,Wizard,19
Flying Machine,Giant Snowball,19
Fire Spirits,Skeleton Army,19
Clone,Magic Archer,19
Rocket,Tombstone,19
Fisherman,Night Witch,19
Hog Rider,Mirror,19
Clone,Witch,19
Bowler,Goblin Barrel,19
Goblin Giant,Miner,19
Fisherman,Mega Knight,19
Inferno Dragon,Skeleton Barrel,19
Giant Skeleton,Ice Golem,19
Barbarians,Sparky,19
Mini P.E.K.K.A,X-Bow,19
Prince,Wizard,19
Elite Barbarians,Zap,19
Minion Horde,Wall Breakers,19
Baby Dragon,Hunter,19
Skeleton Barrel,Zap,19
Mega Knight,Rage,19
Mirror,Poison,19
Archers,Arrows,19
Dart Goblin,Inferno Dragon,19
Clone,Giant Snowball,19
Night Witch,Rascals,19
Ice Spirit,Tombstone,19
Ram Rider,Wizard,19
Fire Spirits,Fireball,19
Bandit,Goblin Hut,19
Balloon,Tombstone,19
Minion Horde,Witch,19
Ice Wizard,Witch,19
Battle Ram,X-Bow,19
Executioner,Hunter,19
Dark Prince,Prince,19
Barbarian Barrel,Mirror,19
Giant Skeleton,Wall Breakers,19
Balloon,Battle Ram,19
Giant Skeleton,P.E.K.K.A,19
Hunter,Tornado,19
Hog Rider,Witch,19
Lightning,Rage,19
Furnace,Wizard,19
Barbarian Barrel,Spear Goblins,19
Lava Hound,Skeletons,19
Dark Prince,Wizard,19
Balloon,Fire Spirits,19
Battle Ram,Hog Rider,19
Goblins,Lumberjack,19
Elite Barbarians,Tornado,19
Baby Dragon,Cannon,19
Guards,Tesla,19
Mirror,Musketeer,19
Graveyard,Mirror,19
Giant Snowball,Royal Hogs,19
Inferno Tower,Royal Giant,19
Ram Rider,Skeleton Army,18
Goblin Giant,Magic Archer,18
Arrows,Ice Golem,18
Flying Machine,Lumberjack,18
Fisherman,Zap,18
Baby Dragon,Rascals,18
Electro Wizard,Royal Hogs,18
Clone,Freeze,18
Electro Dragon,Tornado,18
Fireball,Giant Skeleton,18
Archers,Battle Ram,18
Executioner,Goblin Hut,18
Hunter,The Log,18
Ice Spirit,Mortar,18
Lava Hound,Minions,18
Clone,Lava Hound,18
Inferno Tower,Minions,18
Clone,Ice Golem,18
Minions,Prince,18
Prince,Tesla,18
Bats,Lava Hound,18
Minions,Tombstone,18
Bowler,Giant Snowball,18
Barbarians,Night Witch,18
Bats,Goblin Giant,18
Poison,Rage,18
Battle Ram,Knight,18
Hog Rider,Ram Rider,18
Goblin Hut,P.E.K.K.A,18
Guards,Inferno Tower,18
Archers,Mortar,18
Inferno Tower,Mega Minion,18
Guards,Royal Giant,18
Skeleton Army,X-Bow,18
Bomber,Miner,18
Ice Golem,Witch,18
Arrows,Dart Goblin,18
Goblin Cage,Guards,18
Executioner,Lava Hound,18
Furnace,Witch,18
Balloon,Lava Hound,18
Bats,Tombstone,18
Rascals,Skeletons,18
Mirror,P.E.K.K.A,18
Goblin Gang,Witch,18
Dark Prince,Witch,18
Elite Barbarians,The Log,18
Royal Ghost,Skeleton Army,18
Ram Rider,Royal Giant,18
Giant Skeleton,Goblin Barrel,18
Dark Prince,Dart Goblin,18
Giant,Minion Horde,18
Arrows,Barbarians,18
Arrows,Giant Skeleton,18
Bowler,Mirror,18
Archers,Dart Goblin,18
Cannon,Executioner,18
Bowler,P.E.K.K.A,18
Minion Horde,Rage,18
Giant,Prince,18
Mirror,Wizard,18
Elixir Collector,Skeletons,18
Cannon Cart,Wall Breakers,17
Prince,Royal Giant,17
Graveyard,Minion Horde,17
Bandit,Bowler,17
Arrows,Tesla,17
Earthquake,P.E.K.K.A,17
Rascals,Valkyrie,17
Bomber,Golem,17
Ram Rider,Tesla,17
Lava Hound,Valkyrie,17
Elixir Collector,Tornado,17
Graveyard,Rage,17
Flying Machine,Zap,17
Cannon Cart,Ice Wizard,17
Inferno Dragon,Minions,17
Goblins,X-Bow,17
Bowler,Furnace,17
Battle Ram,Minion Horde,17
Cannon,Miner,17
Lumberjack,Prince,17
Mega Knight,Royal Hogs,17
Night Witch,Spear Goblins,17
Ice Wizard,Royal Ghost,17
Princess,X-Bow,17
Barbarians,Valkyrie,17
Hog Rider,Royal Ghost,17
Barbarians,Poison,17
Hog Rider,Prince,17
Guards,Ice Golem,17
Barbarians,Minions,17
Earthquake,Skeleton Army,17
Night Witch,Skeleton Barrel,17
Inferno Dragon,Royal Giant,17
Cannon Cart,P.E.K.K.A,17
Earthquake,Goblin Gang,17
Bomb Tower,Prince,17
Archers,Ram Rider,17
Minion Horde,Musketeer,17
Earthquake,Musketeer,17
Flying Machine,The Log,17
Goblins,Inferno Dragon,17
Earthquake,Fireball,17
Giant Skeleton,Witch,17
Barbarian Barrel,Rage,17
Giant,Wizard,17
Fisherman,Witch,17
Bomb Tower,Furnace,17
Goblin Gang,Mortar,17
Goblin Cage,Witch,17
Hunter,Skeletons,17
Goblin Giant,Skeletons,17
Fireball,Guards,17
Tesla,Witch,17
Flying Machine,Skeletons,17
Arrows,Mirror,17
Inferno Dragon,Spear Goblins,17
Giant Snowball,Minion Horde,17
Minion Horde,Mirror,17
Arrows,Bowler,17
Goblin Barrel,Guards,17
Baby Dragon,Goblin Giant,17
Fireball,Tombstone,17
Golem,Royal Ghost,17
Goblins,Mega Minion,17
Clone,Golem,17
Barbarians,Magic Archer,17
Battle Ram,Ice Wizard,17
Freeze,Royal Ghost,17
Elixir Golem,Prince,17
Magic Archer,Skeleton Barrel,17
Royal Ghost,Wizard,17
Skeletons,Three Musketeers,17
Bomber,Mini P.E.K.K.A,16
Hunter,Night Witch,16
Bomber,Skeletons,16
Fire Spirits,Freeze,16
Elixir Collector,X-Bow,16
Fire Spirits,Goblin Gang,16
Giant Skeleton,X-Bow,16
Giant,Tesla,16
Bowler,Ice Golem,16
Arrows,Prince,16
Barbarian Barrel,Goblin Giant,16
Bowler,Mini P.E.K.K.A,16
Barbarian Hut,Executioner,16
Bomber,Skeleton Army,16
Fire Spirits,Goblin Barrel,16
Dart Goblin,X-Bow,16
Flying Machine,Valkyrie,16
Giant Snowball,Goblin Giant,16
Archers,Goblins,16
Executioner,Skeleton Barrel,16
Mini P.E.K.K.A,Royal Ghost,16
Giant Snowball,Hunter,16
Fire Spirits,Tesla,16
Cannon Cart,Mega Knight,16
Barbarian Barrel,Fire Spirits,16
Ice Spirit,Minion Horde,16
Goblin Giant,Mini P.E.K.K.A,16
Ice Wizard,Minion Horde,16
Bomber,Electro Wizard,16
Inferno Tower,Mini P.E.K.K.A,16
Bowler,Minion Horde,16
Princess,Wizard,16
Battle Ram,Wizard,16
Fisherman,Ice Spirit,16
Minions,Witch,16
Skeleton Barrel,Skeletons,16
Giant Skeleton,Tesla,16
Mortar,Night Witch,16
Guards,Skeleton Army,16
Elixir Golem,Spear Goblins,16
Lava Hound,Lumberjack,16
Hunter,Zap,16
Lava Hound,Skeleton Army,16
Ram Rider,Witch,16
Cannon,Electro Wizard,16
Clone,Flying Machine,16
Goblin Cage,Royal Hogs,16
Bandit,Earthquake,16
Ice Golem,Rage,16
Electro Wizard,Three Musketeers,16
Mega Minion,Wizard,16
Giant Snowball,Lava Hound,16
P.E.K.K.A,Rage,16
Bandit,Mirror,16
Bandit,Rage,16
Goblin Hut,Valkyrie,16
Balloon,Giant,16
Bandit,Rascals,16
Clone,Ice Spirit,16
Cannon,Magic Archer,16
Arrows,Princess,16
Royal Hogs,The Log,16
Cannon,Poison,16
Arrows,Knight,16
Magic Archer,Rascals,16
Goblin Gang,Three Musketeers,16
Goblin Gang,Skeleton Barrel,15
Clone,Goblin Gang,15
Archers,Royal Ghost,15
Spear Goblins,Tesla,15
Goblin Giant,Valkyrie,15
Battle Ram,Golem,15
Earthquake,Lightning,15
Royal Ghost,Tesla,15
Barbarian Barrel,Barbarians,15
Bomber,Valkyrie,15
Guards,Mini P.E.K.K.A,15
Bomber,Mega Minion,15
Elixir Golem,Fisherman,15
Arrows,Giant Snowball,15
Golem,Inferno Tower,15
Bats,Fire Spirits,15
Fireball,Rascals,15
Clone,Wizard,15
Three Musketeers,Tornado,15
Wall Breakers,Wizard,15
Bats,Bomber,15
The Log,Three Musketeers,15
Fisherman,Tornado,15
Dark Prince,Goblin Giant,15
Minion Horde,Minions,15
Giant Skeleton,Goblins,15
Battle Ram,Three Musketeers,15
Battle Ram,Goblin Barrel,15
Cannon Cart,Elixir Golem,15
Bats,Three Musketeers,15
Dark Prince,Goblins,15
Golem,Guards,15
Archers,Giant Skeleton,15
Bomber,Fireball,15
Goblins,Wizard,15
Princess,Ram Rider,15
Earthquake,Elixir Golem,15
Prince,Witch,15
Giant Snowball,Three Musketeers,15
Barbarians,Musketeer,15
Barbarian Barrel,Mortar,15
Executioner,Mortar,15
Goblin Gang,Royal Ghost,15
Royal Hogs,Skeletons,15
Minions,X-Bow,15
Flying Machine,Night Witch,15
Goblin Barrel,Ram Rider,15
Barbarian Barrel,Goblin Hut,15
Minion Horde,Three Musketeers,15
Goblin Giant,Night Witch,15
Elixir Collector,Executioner,15
Elixir Collector,Miner,15
Clone,Mega Knight,15
Cannon,Rocket,15
Bats,Royal Hogs,15
Archers,Fire Spirits,15
Lumberjack,Tombstone,15
Giant Skeleton,Guards,15
Cannon Cart,Goblin Gang,15
Goblin Barrel,Royal Ghost,15
Giant Snowball,Mirror,14
Guards,Mirror,14
Lightning,Mirror,14
Inferno Dragon,Royal Ghost,14
Dark Prince,Inferno Tower,14
Inferno Dragon,Prince,14
Bomb Tower,Bowler,14
Bomb Tower,Minion Horde,14
Wizard,X-Bow,14
Furnace,Rage,14
Bomber,Poison,14
Golem,Lava Hound,14
Barbarian Hut,Mega Knight,14
Fisherman,Princess,14
Fisherman,Lightning,14
Barbarian Barrel,Three Musketeers,14
Giant Skeleton,Royal Giant,14
Inferno Tower,X-Bow,14
Barbarians,Ice Wizard,14
Fisherman,Rocket,14
Executioner,Flying Machine,14
Earthquake,Giant Skeleton,14
Ice Spirit,Lava Hound,14
Elite Barbarians,Wizard,14
Goblin Cage,Goblins,14
Mega Minion,Royal Ghost,14
Musketeer,Royal Ghost,14
Golem,Tombstone,14
Giant Skeleton,Minion Horde,14
Bats,Elixir Collector,14
Mega Minion,Ram Rider,14
Archers,Earthquake,14
Goblin Giant,Rage,14
Giant,Spear Goblins,14
Electro Wizard,Fire Spirits,14
Arrows,Wall Breakers,14
Goblins,Golem,14
Goblin Barrel,Spear Goblins,14
Cannon,Night Witch,14
Balloon,Royal Ghost,14
Giant Skeleton,Minions,14
Cannon Cart,Minions,14
Earthquake,Mega Minion,14
Electro Dragon,The Log,14
Guards,Lava Hound,14
Giant,Goblin Barrel,14
Dart Goblin,Giant,14
Barbarians,Ice Golem,14
Barbarians,Giant Snowball,14
Guards,Wall Breakers,14
Earthquake,Inferno Tower,14
Archers,Witch,14
Fire Spirits,Magic Archer,14
Mortar,Poison,14
Sparky,Three Musketeers,14
Guards,Prince,14
Flying Machine,Poison,14
Giant Skeleton,Rage,14
Royal Giant,Tombstone,14
Elixir Collector,Three Musketeers,13
Fire Spirits,Golem,13
Barbarian Hut,Three Musketeers,13
Barbarian Barrel,Cannon,13
Cannon Cart,Golem,13
Cannon Cart,Furnace,13
Baby Dragon,Mortar,13
Barbarian Hut,Lightning,13
Fisherman,Sparky,13
Fire Spirits,Lightning,13
Goblin Hut,Lightning,13
Dart Goblin,Ram Rider,13
Barbarian Hut,Sparky,13
Executioner,Fisherman,13
Bowler,Goblin Cage,13
Bomb Tower,Guards,13
Royal Hogs,Tornado,13
Archers,Barbarians,13
Giant Skeleton,Mega Minion,13
Flying Machine,Miner,13
Cannon Cart,Fireball,13
Bowler,Princess,13
Battle Ram,Elixir Collector,13
Bandit,Fire Spirits,13
Rascals,Wall Breakers,13
Goblin Hut,Skeletons,13
Tombstone,Wall Breakers,13
Lightning,Spear Goblins,13
Fireball,Lava Hound,13
Clone,Electro Wizard,13
Giant,Lumberjack,13
Rage,Witch,13
P.E.K.K.A,Spear Goblins,13
Inferno Dragon,Minion Horde,13
Bomber,Rocket,13
Inferno Dragon,Inferno Tower,13
Bomb Tower,Royal Ghost,13
Furnace,Guards,13
Goblin Gang,Tombstone,13
Bandit,Royal Hogs,13
Ice Golem,Rascals,13
Prince,X-Bow,13
Rage,Rocket,13
Bomber,Hog Rider,13
Elixir Collector,Poison,13
Goblin Gang,Guards,13
Mortar,Zap,13
Elixir Collector,Night Witch,13
Hog Rider,Tombstone,13
Archers,Royal Hogs,13
Bandit,Guards,13
Archers,Furnace,13
Balloon,Goblin Giant,13
Mega Knight,Rascals,13
Skeleton Barrel,Valkyrie,13
Ice Golem,Tombstone,13
Goblin Giant,Mega Minion,13
Princess,Royal Ghost,13
Fisherman,Mega Minion,13
Bandit,Tombstone,13
Goblin Giant,Musketeer,13
Knight,Prince,13
Mini P.E.K.K.A,Minion Horde,13
Arrows,Goblins,13
Cannon,Giant Snowball,13
Fire Spirits,Mirror,13
Cannon Cart,Ice Spirit,13
Graveyard,Hunter,13
Archers,Clone,13
Royal Giant,Witch,13
Ram Rider,Royal Ghost,12
Barbarian Barrel,Elixir Collector,12
Musketeer,Rage,12
Battle Ram,Ram Rider,12
Cannon Cart,Musketeer,12
Magic Archer,Three Musketeers,12
Bomb Tower,Inferno Tower,12
Bowler,Inferno Tower,12
Fisherman,Ice Golem,12
Elixir Collector,Goblin Gang,12
Giant Skeleton,Mini P.E.K.K.A,12
Barbarian Hut,Golem,12
Goblin Barrel,Tombstone,12
Elite Barbarians,Rocket,12
Battle Ram,Inferno Dragon,12
Arrows,Dark Prince,12
Inferno Dragon,Rage,12
Arrows,Rage,12
Electro Dragon,Night Witch,12
Elixir Collector,Musketeer,12
Inferno Dragon,Tombstone,12
Furnace,Tesla,12
Barbarian Barrel,Clone,12
Arrows,Lava Hound,12
Arrows,Goblin Cage,12
Goblin Hut,Graveyard,12
Elixir Collector,Tesla,12
Battle Ram,Giant Skeleton,12
Electro Dragon,Executioner,12
Elixir Collector,Sparky,12
Balloon,Barbarians,12
Electro Dragon,Lumberjack,12
Inferno Tower,Ram Rider,12
Giant,Princess,12
Magic Archer,Royal Hogs,12
Minion Horde,Tesla,12
Giant Skeleton,Lumberjack,12
Dart Goblin,Wizard,12
Bandit,Cannon,12
Giant Snowball,Tombstone,12
Fisherman,P.E.K.K.A,12
Clone,Rage,12
Guards,Princess,12
Ice Wizard,Spear Goblins,12
Knight,Minion Horde,12
Hunter,Ice Spirit,12
Clone,Fireball,12
Clone,Mini P.E.K.K.A,12
Fireball,Mortar,12
Flying Machine,Mega Minion,12
Mega Minion,Witch,12
Lightning,Mortar,12
Bowler,Witch,12
Bandit,Spear Goblins,12
Ice Wizard,Rascals,12
Goblins,Inferno Tower,12
Electro Wizard,Hunter,12
Goblin Hut,Night Witch,12
Lava Hound,Rocket,12
Earthquake,Sparky,12
Goblin Cage,Three Musketeers,12
Golem,Three Musketeers,12
Fire Spirits,X-Bow,12
Giant Skeleton,Mirror,12
Bomber,P.E.K.K.A,12
Elixir Golem,Rage,12
Barbarians,Lava Hound,12
Goblin Giant,Mega Knight,12
Lava Hound,Magic Archer,12
Clone,Lightning,12
Bomb Tower,Witch,12
Lightning,Royal Hogs,12
Barbarian Hut,P.E.K.K.A,12
Battle Ram,Dart Goblin,12
Royal Hogs,Three Musketeers,12
Battle Ram,Princess,12
Earthquake,Golem,12
Giant,Knight,12
Clone,Musketeer,12
Guards,Knight,12
Arrows,Royal Ghost,11
Barbarian Barrel,Flying Machine,11
Inferno Tower,Mirror,11
Ice Spirit,Rage,11
Flying Machine,Ice Spirit,11
Giant Skeleton,Royal Ghost,11
Arrows,Battle Ram,11
Golem,Minion Horde,11
Clone,Poison,11
Baby Dragon,Elixir Collector,11
Bowler,Goblins,11
Goblin Cage,Inferno Tower,11
Clone,Graveyard,11
Giant,Witch,11
Elite Barbarians,Skeleton Army,11
Barbarians,Tombstone,11
Goblin Hut,Musketeer,11
Hunter,Mega Knight,11
Bandit,Clone,11
Electro Wizard,Elixir Collector,11
Archers,Rascals,11
Hunter,Valkyrie,11
Earthquake,Tesla,11
Clone,Skeleton Barrel,11
Bats,Fisherman,11
Hunter,Skeleton Army,11
Giant Snowball,Rage,11
Clone,Mirror,11
Furnace,Inferno Dragon,11
Giant Snowball,Skeleton Barrel,11
Cannon,Wall Breakers,11
Fire Spirits,Inferno Dragon,11
Ice Spirit,Rascals,11
Knight,Witch,11
Fireball,Flying Machine,11
Giant,Hog Rider,11
Bomber,Ice Spirit,11
Arrows,Ram Rider,11
Barbarians,Rocket,11
Giant Skeleton,Inferno Dragon,11
Barbarians,Golem,11
Rocket,Royal Hogs,11
Archers,Giant,11
Fire Spirits,Mega Knight,11
Dart Goblin,Giant Skeleton,11
Barbarians,Graveyard,11
Giant Skeleton,Princess,11
Bomber,Lightning,11
Battle Ram,Furnace,11
Barbarians,Princess,11
Bandit,Elixir Collector,11
Dart Goblin,Minion Horde,11
Cannon,Elixir Golem,11
Bomber,Elixir Golem,11
Furnace,Goblins,11
Minion Horde,Spear Goblins,11
Lightning,Rascals,11
Elixir Collector,Minion Horde,11
Fisherman,Magic Archer,11
Clone,Goblin Barrel,11
Giant,Ram Rider,11
Flying Machine,Ice Golem,11
Golem,Hunter,11
Hunter,Lightning,11
Elite Barbarians,Fireball,11
Fire Spirits,Hog Rider,11
Dark Prince,Royal Hogs,11
Giant,Goblin Cage,11
Prince,Sparky,11
Graveyard,Rascals,11
Bomber,Freeze,11
Elixir Golem,Rascals,11
Goblins,Witch,11
Flying Machine,Lava Hound,11
Bandit,Bomber,11
Skeleton Barrel,Witch,11
Bomber,Goblin Barrel,11
Goblin Hut,Mega Minion,11
Cannon Cart,Goblin Cage,11
Royal Ghost,X-Bow,11
Sparky,Spear Goblins,11
Bandit,Barbarians,11
Dart Goblin,Royal Ghost,11
Barbarians,P.E.K.K.A,11
Barbarians,Freeze,11
Cannon Cart,Lightning,11
Furnace,Goblin Cage,11
Mortar,Musketeer,11
Barbarians,Furnace,11
Arrows,Guards,11
Dark Prince,Inferno Dragon,10
Knight,Spear Goblins,10
Furnace,Prince,10
Fisherman,Miner,10
Goblin Cage,Minion Horde,10
Bandit,Hunter,10
Poison,Royal Hogs,10
Rocket,Skeleton Barrel,10
Bomber,Ice Golem,10
Archers,Bomber,10
Bowler,Ram Rider,10
Electro Wizard,Rascals,10
Mortar,Spear Goblins,10
Fire Spirits,Knight,10
Fire Spirits,Sparky,10
Giant Snowball,Mortar,10
Magic Archer,Mortar,10
Earthquake,Princess,10
Giant Skeleton,Goblin Cage,10
Knight,Royal Ghost,10
Giant,Guards,10
Ice Spirit,Royal Hogs,10
Goblin Cage,Rage,10
Guards,Ram Rider,10
Electro Dragon,Freeze,10
Bowler,Wall Breakers,10
Elite Barbarians,Freeze,10
Barbarian Barrel,Electro Dragon,10
Baby Dragon,Electro Dragon,10
Elite Barbarians,Sparky,10
Archers,Tombstone,10
Goblin Giant,Rocket,10
Goblin Giant,Wall Breakers,10
Hunter,Miner,10
Bats,Elite Barbarians,10
Archers,Minion Horde,10
Bowler,Giant,10
Princess,Tombstone,10
Fireball,Fisherman,10
Clone,Tesla,10
Hog Rider,Rage,10
Dark Prince,Minion Horde,10
Bowler,Giant Skeleton,10
Fisherman,Goblin Barrel,10
Fisherman,Goblin Gang,10
Bowler,Tombstone,10
Fisherman,Hog Rider,10
Arrows,Bomb Tower,10
Fire Spirits,Ice Wizard,10
Mini P.E.K.K.A,Mirror,10
Giant Skeleton,Golem,10
Baby Dragon,Elite Barbarians,10
Bandit,Fisherman,10
Spear Goblins,Wall Breakers,10
Fisherman,Musketeer,10
Bomber,Magic Archer,10
Goblin Hut,Magic Archer,10
Baby Dragon,Skeleton Barrel,10
Elite Barbarians,Minion Horde,10
Elite Barbarians,Night Witch,10
Cannon Cart,Mini P.E.K.K.A,10
Elixir Collector,Valkyrie,10
Giant,Goblins,10
Elite Barbarians,Valkyrie,10
Goblin Hut,Rocket,10
Mirror,Princess,10
Elixir Collector,Mega Knight,10
Fireball,Three Musketeers,10
Fire Spirits,Minions,10
Fisherman,Goblin Cage,10
Furnace,Royal Ghost,10
Rascals,X-Bow,10
Arrows,X-Bow,10
Elixir Collector,Fireball,10
Hunter,Mega Minion,10
Goblin Cage,Lava Hound,10
Barbarians,Goblin Barrel,10
Dark Prince,Royal Ghost,10
Fisherman,Lumberjack,10
Cannon Cart,Lumberjack,10
Bomb Tower,Wizard,10
Bowler,Royal Giant,10
Rascals,Tesla,10
Goblin Hut,Hog Rider,10
Elite Barbarians,Magic Archer,10
Arrows,Clone,10
Barbarians,Skeleton Army,10
Goblin Hut,Mega Knight,10
Cannon,Goblin Gang,10
Furnace,Inferno Tower,10
Freeze,Spear Goblins,10
Barbarians,Tesla,10
Hog Rider,Spear Goblins,10
Three Musketeers,Wall Breakers,10
Musketeer,Tombstone,9
Bomb Tower,Goblin Hut,9
Knight,Mortar,9
Balloon,Bomber,9
Earthquake,Hunter,9
Giant Skeleton,Prince,9
Bomber,Giant Skeleton,9
Royal Hogs,Valkyrie,9
Dark Prince,Rascals,9
Mini P.E.K.K.A,Prince,9
Guards,Royal Ghost,9
Flying Machine,Graveyard,9
Mini P.E.K.K.A,Rascals,9
Barbarians,Goblin Cage,9
Cannon Cart,Princess,9
Dart Goblin,Furnace,9
Ice Golem,Spear Goblins,9
Earthquake,Goblin Barrel,9
Royal Hogs,Tesla,9
Bomber,Furnace,9
Elixir Golem,Skeleton Barrel,9
Skeleton Army,Tombstone,9
Elixir Collector,Minions,9
Electro Dragon,Poison,9
Elixir Golem,Mortar,9
Bowler,Golem,9
Bowler,Royal Ghost,9
Lumberjack,Spear Goblins,9
Dark Prince,Earthquake,9
Goblin Hut,Ice Spirit,9
Cannon Cart,Rocket,9
Mega Knight,Mortar,9
Giant,X-Bow,9
Archers,Spear Goblins,9
Mega Minion,Mortar,9
Prince,Royal Ghost,9
Cannon Cart,Knight,9
Furnace,X-Bow,9
Cannon Cart,Giant Skeleton,9
Barbarians,Dark Prince,9
Clone,Elixir Golem,9
Battle Ram,Royal Giant,9
Barbarians,Ice Spirit,9
Giant,Inferno Dragon,9
Dark Prince,Guards,9
Goblins,Mirror,9
Battle Ram,Goblins,9
Earthquake,Inferno Dragon,9
Barbarian Barrel,Bomber,9
Clone,Furnace,9
Bomber,Goblin Cage,9
Fire Spirits,Ice Spirit,9
Royal Ghost,Royal Giant,9
Dark Prince,Giant Skeleton,9
Clone,Ice Wizard,9
Fire Spirits,Mega Minion,9
Inferno Tower,Minion Horde,9
Giant,Inferno Tower,9
Goblins,Guards,9
Skeleton Barrel,Spear Goblins,9
Fireball,Skeleton Barrel,9
Ice Spirit,Spear Goblins,9
Rocket,Spear Goblins,9
Fireball,Royal Hogs,9
Giant,Mirror,9
Goblin Hut,Skeleton Army,9
Barbarian Hut,The Log,9
Fisherman,Skeletons,9
Cannon Cart,Sparky,9
Royal Hogs,Zap,9
Musketeer,Rascals,9
Inferno Tower,Royal Ghost,9
Balloon,Electro Dragon,9
Bowler,Electro Dragon,9
Clone,Wall Breakers,9
Cannon,Graveyard,9
Fire Spirits,Wizard,9
Fireball,Rage,9
Furnace,Giant,9
Earthquake,Wizard,9
Dark Prince,Fisherman,9
Giant Skeleton,Spear Goblins,9
Knight,Mirror,9
Ice Wizard,Rage,9
Rage,Tesla,9
Inferno Tower,Tesla,9
Fireball,Goblin Hut,9
Clone,Fire Spirits,9
Spear Goblins,X-Bow,9
Bandit,Goblin Giant,9
Lumberjack,Skeleton Barrel,9
Elite Barbarians,Skeletons,9
Elixir Collector,Golem,9
Bomb Tower,Cannon,9
Clone,Inferno Dragon,9
Flying Machine,Mini P.E.K.K.A,9
Furnace,Rascals,9
P.E.K.K.A,Rascals,9
Bats,Hunter,9
Hunter,P.E.K.K.A,9
Clone,Goblin Cage,9
Furnace,Lava Hound,9
Ice Golem,Skeleton Barrel,9
Hunter,Ice Golem,9
Freeze,Hunter,9
Lumberjack,Rascals,9
Lumberjack,Rage,9
Hog Rider,Hunter,9
Electro Wizard,Skeleton Barrel,9
Ram Rider,X-Bow,9
Bomber,Dart Goblin,9
Elixir Collector,Giant Snowball,9
Balloon,Hunter,9
Rage,Wall Breakers,9
Bomber,Tesla,9
Flying Machine,Rocket,9
Cannon,Ice Wizard,9
Goblin Gang,Lava Hound,9
Goblins,Ram Rider,9
Lava Hound,Mega Knight,8
Bomber,Dark Prince,8
Elixir Collector,Wall Breakers,8
Royal Ghost,Tombstone,8
Barbarians,Electro Wizard,8
Elixir Collector,Lumberjack,8
Dart Goblin,Guards,8
Cannon,Skeleton Army,8
Dart Goblin,Skeleton Barrel,8
Barbarian Barrel,Skeleton Barrel,8
Hunter,Mini P.E.K.K.A,8
Giant Skeleton,Goblin Gang,8
Cannon,Lumberjack,8
Elixir Collector,Mega Minion,8
Cannon,Princess,8
Barbarian Barrel,Fisherman,8
Cannon,Goblin Barrel,8
Fisherman,Skeleton Army,8
Arrows,Cannon Cart,8
Fire Spirits,Giant Snowball,8
Barbarians,Bomb Tower,8
Spear Goblins,Wizard,8
Goblin Cage,Royal Ghost,8
Bomber,Goblin Gang,8
Night Witch,Three Musketeers,8
Cannon Cart,Hog Rider,8
Earthquake,Goblin Cage,8
Fisherman,Inferno Dragon,8
Archers,Flying Machine,8
Earthquake,Minions,8
Lightning,Skeleton Barrel,8
Skeleton Army,Skeleton Barrel,8
Cannon Cart,Flying Machine,8
Barbarians,Mini P.E.K.K.A,8
Minion Horde,Royal Ghost,8
Golem,Mortar,8
Royal Ghost,Witch,8
Bowler,Dark Prince,8
Barbarians,Wall Breakers,8
Barbarian Barrel,Royal Hogs,8
Bowler,X-Bow,8
Ice Golem,Lava Hound,8
Cannon Cart,Royal Giant,8
Tesla,Tombstone,8
Elixir Golem,Hunter,8
Hunter,Rocket,8
Mirror,Wall Breakers,8
Earthquake,X-Bow,8
Knight,Lava Hound,8
Goblin Barrel,Lava Hound,8
Bomber,Graveyard,8
Cannon,Knight,8
Earthquake,Ram Rider,8
Lava Hound,Mini P.E.K.K.A,8
Lava Hound,Princess,8
Fire Spirits,Poison,8
Prince,Rage,8
Guards,X-Bow,8
Minion Horde,X-Bow,8
Flying Machine,Freeze,8
Bomb Tower,Tombstone,8
Electro Wizard,Lava Hound,8
Battle Ram,Cannon Cart,8
Bomb Tower,Spear Goblins,8
Barbarian Hut,Tornado,8
Bowler,Prince,8
Rocket,Three Musketeers,8
Elite Barbarians,Hog Rider,8
Giant,Royal Giant,8
Sparky,Tombstone,8
Bats,Goblin Hut,8
Hunter,Magic Archer,8
Goblin Hut,Ice Wizard,8
Golem,Rage,8
Fisherman,Graveyard,8
Goblin Gang,Goblin Hut,8
Bowler,Minions,8
Goblin Giant,P.E.K.K.A,8
Dark Prince,Elixir Collector,8
Knight,Rage,8
Goblin Hut,Wall Breakers,8
Goblin Giant,Royal Giant,8
Clone,Minion Horde,8
Fisherman,Valkyrie,8
Electro Dragon,Mega Knight,8
Goblin Gang,Rage,8
Barbarians,Wizard,8
Giant Skeleton,Goblin Hut,8
Arrows,Elite Barbarians,8
Guards,Witch,8
Bomber,Wizard,8
Goblin Hut,Minions,8
Electro Wizard,Elite Barbarians,8
Furnace,Goblin Giant,8
Goblin Giant,Hog Rider,8
Elixir Golem,Goblin Giant,8
Fisherman,Royal Ghost,8
Battle Ram,Bowler,8
Barbarians,Elixir Golem,8
Cannon Cart,Tombstone,8
Dart Goblin,Spear Goblins,8
Fire Spirits,Ram Rider,8
Guards,Minions,8
Earthquake,Prince,8
Earthquake,Furnace,8
Bomb Tower,Rage,8
Ice Golem,Royal Hogs,8
Bomber,Mega Knight,8
Mega Minion,Spear Goblins,8
Cannon,P.E.K.K.A,8
Barbarians,Flying Machine,8
Fire Spirits,P.E.K.K.A,8
Cannon,Mega Knight,8
Battle Ram,Mirror,8
Flying Machine,Magic Archer,8
Minions,Rascals,8
Flying Machine,Royal Giant,7
Dart Goblin,Earthquake,7
Elite Barbarians,Ice Spirit,7
Giant Skeleton,Skeleton Barrel,7
Flying Machine,Mega Knight,7
Minions,Spear Goblins,7
Goblin Hut,Spear Goblins,7
Inferno Tower,Prince,7
Mirror,Rage,7
Electro Wizard,Mortar,7
Goblin Cage,Goblin Giant,7
Goblin Hut,Zappies,7
Mirror,Ram Rider,7
Guards,Tombstone,7
Barbarian Hut,Night Witch,7
Elixir Golem,Three Musketeers,7
Goblin Giant,Graveyard,7
Earthquake,Spear Goblins,7
Balloon,Rascals,7
Mortar,Rascals,7
Mortar,P.E.K.K.A,7
Golem,Mirror,7
Minions,Three Musketeers,7
Barbarians,Giant Skeleton,7
Barbarian Hut,Zap,7
Goblin Barrel,Goblin Giant,7
Goblins,Royal Ghost,7
Clone,Princess,7
Electro Dragon,Ice Wizard,7
Barbarians,Mega Knight,7
Bomb Tower,Goblin Giant,7
Fire Spirits,Wall Breakers,7
Giant,Rage,7
Fisherman,Golem,7
Tombstone,Wizard,7
Elixir Collector,Rocket,7
Balloon,Three Musketeers,7
Arrows,Fire Spirits,7
Archers,Lava Hound,7
Spear Goblins,Witch,7
Elite Barbarians,Giant Skeleton,7
Cannon Cart,Wizard,7
Battle Ram,Goblin Cage,7
Cannon Cart,Clone,7
Bomber,Wall Breakers,7
Minion Horde,Rascals,7
Clone,Mega Minion,7
Poison,Three Musketeers,7
Mirror,Witch,7
Flying Machine,Ice Wizard,7
Flying Machine,Lightning,7
Bomber,Ram Rider,7
Flying Machine,Hog Rider,7
Elite Barbarians,P.E.K.K.A,7
Flying Machine,Skeleton Army,7
Freeze,Goblin Hut,7
Electro Dragon,Skeletons,7
Dark Prince,Tombstone,7
Dart Goblin,Three Musketeers,7
Bandit,Lava Hound,7
Goblin Cage,Tombstone,7
Elixir Collector,Ice Spirit,7
Baby Dragon,Royal Hogs,7
Baby Dragon,Three Musketeers,7
Graveyard,Lava Hound,7
Clone,Dark Prince,7
Giant Skeleton,Knight,7
Mortar,Skeleton Army,7
Giant Skeleton,Ram Rider,7
Elite Barbarians,Witch,7
Elite Barbarians,Miner,7
Bomber,Witch,7
Clone,Royal Giant,7
Battle Ram,Tombstone,7
Barbarians,X-Bow,7
Mortar,Royal Giant,7
Elite Barbarians,Goblin Gang,7
Fisherman,Royal Giant,7
Furnace,Ram Rider,7
Arrows,Mortar,7
Bomber,Sparky,7
Fisherman,Minions,7
Flying Machine,Giant Skeleton,7
Goblin Giant,Lumberjack,7
Bandit,Skeleton Barrel,7
Mega Minion,Mirror,7
Prince,Ram Rider,7
Minions,Mirror,7
Dart Goblin,Tombstone,7
Arrows,Bomber,7
Bomber,Giant Snowball,7
Executioner,Royal Hogs,7
Dart Goblin,Mortar,7
Cannon,Tesla,7
Bomber,Royal Giant,7
Poison,Skeleton Barrel,7
Bomb Tower,Flying Machine,7
Cannon Cart,Dart Goblin,7
Barbarians,Lumberjack,7
Elixir Golem,Goblin Hut,7
Mirror,Royal Giant,7
Earthquake,Goblin Hut,7
Golem,Rascals,7
Dark Prince,Spear Goblins,7
Bomb Tower,Clone,7
Fire Spirits,Princess,7
Dark Prince,Hunter,7
Cannon,Freeze,7
Elite Barbarians,Elixir Golem,7
Flying Machine,Golem,7
Bomber,Fire Spirits,7
Bomber,Princess,7
Mirror,Prince,7
Giant Skeleton,Hunter,7
Flying Machine,Furnace,7
Cannon,Minions,7
Battle Ram,Fire Spirits,7
Balloon,Elixir Collector,7
Barbarians,Dart Goblin,7
Elixir Golem,Fire Spirits,7
Goblin Cage,Hunter,7
Goblin Hut,Ice Golem,7
Archers,Three Musketeers,7
Barbarian Hut,Wall Breakers,7
Arrows,Tombstone,7
Goblin Giant,Skeleton Army,6
Fire Spirits,Minion Horde,6
Earthquake,Witch,6
Graveyard,Three Musketeers,6
Cannon Cart,Goblin Hut,6
Mini P.E.K.K.A,Spear Goblins,6
Barbarian Hut,Skeletons,6
Goblins,Prince,6
Goblin Cage,Rascals,6
Heal,The Log,6
Barbarians,Knight,6
Golem,Spear Goblins,6
Royal Hogs,X-Bow,6
Electro Dragon,Rocket,6
Graveyard,Royal Hogs,6
Hunter,Royal Giant,6
Bomber,Minions,6
Elite Barbarians,Graveyard,6
Freeze,Royal Hogs,6
Fireball,Hunter,6
Mirror,Royal Ghost,6
Ice Spirit,Three Musketeers,6
Cannon Cart,Dark Prince,6
Cannon Cart,Skeleton Army,6
Ram Rider,Tombstone,6
Cannon,X-Bow,6
Goblin Hut,Golem,6
Giant Skeleton,Lava Hound,6
Mirror,Skeleton Barrel,6
Dart Goblin,Rage,6
Electro Dragon,Elixir Golem,6
Royal Giant,Spear Goblins,6
Guards,Minion Horde,6
Barbarian Hut,Miner,6
Elixir Golem,Lava Hound,6
Archers,Rage,6
Barbarian Hut,Bats,6
Bomb Tower,Hunter,6
Battle Ram,Inferno Tower,6
Barbarian Hut,Magic Archer,6
Cannon,Goblins,6
Balloon,Cannon,6
Giant Skeleton,Tombstone,6
Mortar,Tesla,6
Arrows,Goblin Hut,6
Barbarian Hut,Rocket,6
Bomber,X-Bow,6
Balloon,Skeleton Barrel,6
Elixir Collector,Lightning,6
Knight,Three Musketeers,6
Inferno Tower,Witch,6
Rascals,Sparky,6
Bomber,Musketeer,6
Cannon,Ram Rider,6
Arrows,Earthquake,6
Graveyard,Mortar,6
Goblin Giant,Goblins,6
Cannon Cart,Royal Ghost,6
Balloon,Cannon Cart,6
Lava Hound,P.E.K.K.A,6
Fire Spirits,Ice Golem,6
Bomber,Goblins,6
Tesla,Three Musketeers,6
Cannon,Mini P.E.K.K.A,6
Giant Skeleton,Inferno Tower,6
Elite Barbarians,Goblin Barrel,6
Hunter,Tesla,6
Skeleton Barrel,Tesla,6
Freeze,Skeleton Barrel,6
Elite Barbarians,Golem,6
Lava Hound,Tesla,6
Elixir Golem,Flying Machine,6
Fire Spirits,Prince,6
Barbarians,Giant,6
Barbarians,Inferno Tower,6
Lava Hound,Witch,6
Battle Ram,Witch,6
Dart Goblin,Mirror,6
Fire Spirits,Musketeer,6
Goblin Cage,Spear Goblins,6
Lumberjack,Mortar,6
Goblin Barrel,Goblin Hut,6
Three Musketeers,Valkyrie,6
Flying Machine,Witch,6
Elite Barbarians,Knight,6
Flying Machine,Goblin Cage,6
Elite Barbarians,Inferno Dragon,6
Lava Hound,Wall Breakers,6
Bomber,Mirror,6
Bomber,Guards,6
Goblin Gang,Goblin Giant,6
Dark Prince,Three Musketeers,6
Flying Machine,Wall Breakers,6
Rascals,Witch,6
Giant Skeleton,Goblin Giant,6
Goblin Giant,X-Bow,6
Electro Dragon,Magic Archer,6
Elixir Collector,Royal Giant,6
Elite Barbarians,Royal Giant,6
Dark Prince,Rage,6
Cannon Cart,Witch,6
Electro Dragon,Zap,6
Elite Barbarians,Mini P.E.K.K.A,6
Elixir Collector,Magic Archer,6
Mortar,Wall Breakers,6
Freeze,Rascals,6
Furnace,Goblin Hut,6
Fisherman,Goblin Hut,6
Archers,Elixir Collector,6
Royal Recruits,The Log,6
Freeze,Three Musketeers,6
Battle Ram,Rage,6
Inferno Dragon,Rascals,6
Flying Machine,Princess,6
Cannon,Inferno Tower,6
Ram Rider,Spear Goblins,6
Knight,Royal Hogs,6
Fire Spirits,Mini P.E.K.K.A,6
Elite Barbarians,Wall Breakers,6
Clone,Knight,6
Fisherman,Royal Hogs,6
Giant,Royal Ghost,5
Fisherman,Tesla,5
Elixir Collector,P.E.K.K.A,5
Elixir Collector,Giant Skeleton,5
Bomber,Lumberjack,5
Battle Ram,Bomber,5
Battle Ram,Giant,5
Princess,Royal Hogs,5
Goblin Gang,Royal Hogs,5
Ice Wizard,Royal Hogs,5
Musketeer,Three Musketeers,5
Princess,Skeleton Barrel,5
Giant,Golem,5
Fire Spirits,Rage,5
Miner,Royal Hogs,5
Ice Wizard,Three Musketeers,5
Witch,X-Bow,5
Goblin Hut,Witch,5
Fisherman,Prince,5
Earthquake,Giant,5
Mega Minion,Rascals,5
Fireball,Goblin Giant,5
Minion Horde,Royal Hogs,5
Prince,Tombstone,5
Goblin Hut,Lumberjack,5
Goblin Giant,Princess,5
Goblin Hut,Knight,5
Flying Machine,Musketeer,5
Elixir Collector,Goblin Giant,5
Bowler,Rage,5
Hunter,Prince,5
Elite Barbarians,Zappies,5
Dart Goblin,Goblin Giant,5
Cannon Cart,Goblin Barrel,5
Lava Hound,Musketeer,5
Ice Wizard,Mortar,5
Royal Recruits,Zap,5
Fire Spirits,Goblin Cage,5
Goblin Hut,Hunter,5
P.E.K.K.A,Zappies,5
Elite Barbarians,Goblin Hut,5
Cannon Cart,Goblins,5
Balloon,Royal Hogs,5
Fisherman,Freeze,5
Flying Machine,P.E.K.K.A,5
Royal Giant,Three Musketeers,5
Rascals,Skeleton Army,5
Archers,Fisherman,5
Archers,Goblin Hut,5
Dark Prince,Skeleton Barrel,5
Archers,Royal Recruits,5
Fisherman,Ram Rider,5
Elixir Collector,Graveyard,5
Zap,Zappies,5
Arrows,Cannon,5
Earthquake,Tombstone,5
Clone,Earthquake,5
Bats,Electro Dragon,5
Elixir Collector,Mini P.E.K.K.A,5
Cannon Cart,Inferno Dragon,5
Fire Spirits,Graveyard,5
Fisherman,Giant Skeleton,5
Goblin Cage,Mortar,5
Electro Dragon,Knight,5
Balloon,Spear Goblins,5
Cannon Cart,Giant,5
Fisherman,Wall Breakers,5
Elite Barbarians,Inferno Tower,5
Hunter,Musketeer,5
Archers,Cannon,5
Flying Machine,Goblin Gang,5
Bandit,Mortar,5
Freeze,Lava Hound,5
Cannon,Lightning,5
Elite Barbarians,Poison,5
Three Musketeers,X-Bow,5
Clone,P.E.K.K.A,5
Goblin Giant,Ice Spirit,5
Dart Goblin,Lava Hound,5
Fire Spirits,Inferno Tower,5
Lava Hound,Wizard,5
Night Witch,Royal Hogs,5
Fisherman,Mini P.E.K.K.A,5
Bomber,Ice Wizard,5
Clone,Fisherman,5
Goblin Hut,Royal Ghost,5
Hunter,X-Bow,5
Dark Prince,Mirror,5
Barbarians,Goblin Gang,5
Barbarians,Mirror,5
Elite Barbarians,Mega Knight,5
Hunter,Lumberjack,5
Arrows,Elixir Collector,5
Ice Wizard,Skeleton Barrel,5
P.E.K.K.A,Royal Hogs,5
Bomber,Clone,5
Tombstone,X-Bow,5
Hunter,Ram Rider,5
Mega Minion,Rage,5
Princess,Spear Goblins,5
Skeleton Barrel,Wizard,5
Hunter,Sparky,5
Heal,Tornado,5
Elite Barbarians,Giant,5
Flying Machine,Tesla,5
Minion Horde,Ram Rider,5
Skeleton Barrel,Wall Breakers,5
Knight,Rascals,5
Ice Wizard,Lava Hound,5
Clone,Hog Rider,5
Goblin Giant,Ice Golem,5
Goblins,Rage,5
Goblin Gang,Hunter,5
Inferno Tower,Rascals,5
Rascals,Spear Goblins,5
Freeze,Goblin Giant,5
Fire Spirits,Witch,5
Barbarian Hut,Goblin Hut,5
Goblin Giant,Inferno Dragon,5
Earthquake,Guards,5
Clone,X-Bow,5
Dart Goblin,Fisherman,5
Elixir Collector,Giant,5
Electro Dragon,Miner,5
Hunter,Knight,5
Archers,Elite Barbarians,5
Electro Dragon,Golem,5
Bowler,Earthquake,5
Rage,X-Bow,5
Barbarians,Elixir Collector,5
Goblin Hut,Royal Giant,5
Tombstone,Witch,5
Fisherman,Wizard,5
Barbarians,Guards,5
Elixir Collector,Furnace,4
Bomber,Prince,4
Flying Machine,Skeleton Barrel,4
Inferno Tower,Lava Hound,4
Ice Spirit,Royal Recruits,4
Heal,Ice Spirit,4
Furnace,Skeleton Barrel,4
Arrows,Spear Goblins,4
Mortar,Sparky,4
P.E.K.K.A,Skeleton Barrel,4
Electro Dragon,Skeleton Army,4
Fisherman,Heal,4
Goblin Barrel,Hunter,4
Elite Barbarians,Goblin Giant,4
Hog Rider,Lava Hound,4
Minions,Mortar,4
Giant Skeleton,Three Musketeers,4
Elite Barbarians,Elixir Collector,4
Royal Ghost,Three Musketeers,4
Arrows,Skeleton Barrel,4
Elite Barbarians,Royal Hogs,4
Clone,Royal Ghost,4
Electro Dragon,Goblin Gang,4
Princess,Rage,4
Archers,Hunter,4
Flying Machine,Goblin Barrel,4
Furnace,Royal Hogs,4
Hunter,Wizard,4
Battle Ram,Fisherman,4
Goblin Hut,Royal Recruits,4
Barbarian Barrel,Elite Barbarians,4
Heal,Royal Hogs,4
Flying Machine,Guards,4
Bomb Tower,Elixir Collector,4
Barbarian Hut,Heal,4
Fisherman,Ice Wizard,4
Goblin Cage,Mirror,4
Flying Machine,Knight,4
Heal,Royal Recruits,4
Goblin Hut,Heal,4
Mega Minion,Three Musketeers,4
Barbarian Hut,Fisherman,4
Balloon,Flying Machine,4
Electro Dragon,Prince,4
Hunter,Witch,4
Fisherman,Royal Recruits,4
Barbarian Hut,Elite Barbarians,4
Bomber,Inferno Dragon,4
Elite Barbarians,Royal Recruits,4
Dark Prince,Fire Spirits,4
Goblin Giant,Spear Goblins,4
Bomber,Knight,4
Balloon,Goblin Hut,4
The Log,Zappies,4
Fisherman,Guards,4
Fisherman,Rascals,4
Hog Rider,Rascals,4
Guards,Spear Goblins,4
Dark Prince,Flying Machine,4
Furnace,Spear Goblins,4
Cannon,Giant,4
Clone,Minions,4
Elixir Collector,Elixir Golem,4
Elite Barbarians,Furnace,4
Goblins,Hunter,4
Archers,Electro Dragon,4
Bomber,Rage,4
Elite Barbarians,Mirror,4
Ram Rider,Skeleton Barrel,4
Royal Ghost,Spear Goblins,4
Goblin Barrel,Three Musketeers,4
Bomber,Earthquake,4
Dart Goblin,Hunter,4
Princess,Three Musketeers,4
Balloon,Fisherman,4
Goblin Cage,Goblin Hut,4
Fisherman,Flying Machine,4
Dart Goblin,Fire Spirits,4
Hunter,Spear Goblins,4
Lava Hound,Minion Horde,4
Baby Dragon,Royal Recruits,4
Mortar,X-Bow,4
Clone,Ram Rider,4
Elite Barbarians,Heal,4
Elite Barbarians,Fisherman,4
Prince,Spear Goblins,4
Royal Hogs,Zappies,4
Giant,Tombstone,4
Rascals,Royal Giant,4
Bandit,Flying Machine,4
Goblins,Rascals,4
Executioner,Zappies,4
Barbarian Hut,Zappies,4
Barbarian Hut,Dart Goblin,4
Rage,Ram Rider,4
Barbarian Barrel,Barbarian Hut,4
Barbarians,Royal Hogs,4
Royal Recruits,Zappies,4
Heal,Zappies,4
Fisherman,Zappies,4
Hunter,Wall Breakers,4
Rascals,Royal Hogs,4
Giant Snowball,Goblin Hut,4
Tornado,Zappies,4
Cannon,Wizard,4
Minion Horde,Mortar,4
Flying Machine,Sparky,4
Lava Hound,Prince,4
Earthquake,Minion Horde,4
Bowler,Clone,4
Rage,Spear Goblins,4
Fire Spirits,Spear Goblins,4
Goblin Hut,Princess,4
Goblin Giant,Wizard,4
Goblin Hut,Minion Horde,4
Lava Hound,Ram Rider,4
Clone,Rascals,4
Electro Dragon,Sparky,4
Guards,Hunter,4
Goblins,Minion Horde,4
Cannon Cart,Guards,4
Bomb Tower,Three Musketeers,4
Battle Ram,Goblin Hut,4
Goblins,Tombstone,4
Elite Barbarians,X-Bow,4
Hunter,Minions,4
Goblin Hut,Sparky,4
Lava Hound,Royal Giant,4
Goblin Hut,Prince,4
Clone,Guards,4
Elixir Collector,Hog Rider,4
Earthquake,Mirror,4
Goblin Barrel,Skeleton Barrel,4
Barbarian Hut,Electro Wizard,4
Elite Barbarians,Ice Golem,4
Cannon,Prince,4
Barbarian Hut,Fireball,4
Cannon,Dart Goblin,4
Hunter,Ice Wizard,4
Goblin Giant,Mirror,4
Goblin Hut,Royal Hogs,4
Goblin Hut,Goblins,4
Barbarians,Inferno Dragon,4
Bomb Tower,Mirror,4
Fisherman,Furnace,4
Goblins,Spear Goblins,4
Royal Hogs,Skeleton Army,4
Elixir Collector,Knight,4
Mortar,Royal Hogs,4
Mini P.E.K.K.A,Mortar,4
Knight,Skeleton Barrel,4
Fire Spirits,Giant Skeleton,4
Elite Barbarians,Lightning,4
Barbarian Hut,Witch,4
Inferno Tower,Tombstone,4
Minion Horde,Skeleton Barrel,4
Barbarian Hut,Royal Recruits,4
Battle Ram,Prince,4
Goblin Barrel,Royal Hogs,4
Elixir Collector,Princess,4
Heal,Rocket,4
Fire Spirits,Goblins,4
Inferno Tower,Spear Goblins,4
Royal Hogs,Royal Recruits,4
Electro Wizard,Flying Machine,4
Electro Dragon,Graveyard,4
Flying Machine,Minions,4
Cannon,Golem,4
Cannon Cart,Tesla,4
Lightning,Zappies,4
Mortar,Princess,4
Barbarian Hut,Goblin Gang,4
Barbarians,Prince,4
Skeleton Barrel,X-Bow,4
Barbarian Hut,Royal Hogs,4
Rascals,Wizard,4
Barbarian Hut,Elixir Golem,4
Dart Goblin,Witch,4
Inferno Tower,Rage,4
Bomb Tower,Lava Hound,4
Dark Prince,Goblin Hut,3
Electro Dragon,Valkyrie,3
Elixir Collector,Goblin Cage,3
Mega Minion,Royal Hogs,3
Dart Goblin,Flying Machine,3
Arrows,Hunter,3
Bomb Tower,Rascals,3
Bomber,Flying Machine,3
Giant Skeleton,Rascals,3
Royal Hogs,Wizard,3
Earthquake,Rage,3
Barbarians,Elite Barbarians,3
Goblin Barrel,Rage,3
Hog Rider,Mortar,3
Fisherman,Minion Horde,3
Fisherman,Goblin Giant,3
Baby Dragon,Zappies,3
Electro Dragon,Mirror,3
Barbarian Hut,Giant Skeleton,3
Royal Recruits,Valkyrie,3
Arrows,Flying Machine,3
Bomber,Fisherman,3
Barbarian Barrel,Zappies,3
Cannon Cart,Skeleton Barrel,3
Earthquake,Goblin Giant,3
Mini P.E.K.K.A,Royal Hogs,3
Ice Golem,Mortar,3
Fisherman,Three Musketeers,3
Earthquake,Elite Barbarians,3
Heal,Lightning,3
Elite Barbarians,Minions,3
Battle Ram,Goblin Giant,3
Goblin Giant,Hunter,3
Battle Ram,Clone,3
Goblin Giant,Golem,3
Fire Spirits,Royal Giant,3
Elite Barbarians,Royal Ghost,3
Ram Rider,Rascals,3
Cannon Cart,X-Bow,3
Electro Dragon,Royal Giant,3
Lumberjack,Three Musketeers,3
Bomber,Inferno Tower,3
Mini P.E.K.K.A,Three Musketeers,3
Rage,Royal Ghost,3
Ram Rider,Three Musketeers,3
Baby Dragon,Barbarian Hut,3
Elixir Collector,Prince,3
Clone,Prince,3
Heal,Night Witch,3
Hog Rider,Three Musketeers,3
Ice Spirit,Skeleton Barrel,3
Cannon,Giant Skeleton,3
Clone,Inferno Tower,3
Mini P.E.K.K.A,Skeleton Barrel,3
Heal,Skeletons,3
Clone,Spear Goblins,3
Goblin Giant,Knight,3
Clone,Elite Barbarians,3
Fire Spirits,Furnace,3
Goblin Giant,Ram Rider,3
Lava Hound,Skeleton Barrel,3
Earthquake,Lava Hound,3
Elixir Collector,Freeze,3
Royal Giant,Skeleton Barrel,3
Goblin Giant,Tesla,3
Barbarian Hut,Valkyrie,3
Battle Ram,Flying Machine,3
Electro Dragon,Ice Spirit,3
Clone,Sparky,3
Fire Spirits,Giant,3
Bowler,Cannon Cart,3
Hunter,Princess,3
Giant,Mortar,3
Barbarians,Witch,3
Prince,Three Musketeers,3
Archers,Skeleton Barrel,3
Lava Hound,X-Bow,3
Balloon,Elite Barbarians,3
Hunter,Rage,3
Elixir Collector,Skeleton Army,3
Bomber,Cannon Cart,3
Flying Machine,Royal Hogs,3
Goblin Hut,Wizard,3
Clone,Tombstone,3
Furnace,Tombstone,3
Battle Ram,Hunter,3
Bowler,Fire Spirits,3
Mirror,Spear Goblins,3
Barbarians,Battle Ram,3
Royal Recruits,Tornado,3
Flying Machine,Goblin Hut,3
Giant,Goblin Hut,3
Cannon Cart,Fisherman,3
Electro Dragon,Wall Breakers,3
Bowler,Spear Goblins,3
Rocket,Zappies,3
Cannon,Minion Horde,3
Electro Dragon,Goblin Barrel,3
Goblin Giant,Witch,3
Electro Dragon,P.E.K.K.A,3
Graveyard,Skeleton Barrel,3
Electro Dragon,Princess,3
Dart Goblin,Electro Dragon,3
Battle Ram,Guards,3
Goblins,Skeleton Barrel,3
Elixir Collector,Goblin Barrel,3
Fisherman,Hunter,3
Barbarians,Goblin Hut,3
Barbarians,Ram Rider,3
Bomber,Bowler,3
Rascals,Royal Ghost,3
Bomber,Royal Ghost,3
Flying Machine,Inferno Dragon,3
Battle Ram,Earthquake,3
Elixir Collector,Wizard,3
Furnace,Three Musketeers,3
Golem,Skeleton Barrel,3
Battle Ram,Cannon,3
Elixir Collector,Goblins,3
Goblin Giant,Guards,3
Executioner,Heal,3
Lava Hound,Sparky,3
Heal,Hog Rider,3
Cannon Cart,Earthquake,3
Hog Rider,Skeleton Barrel,3
Barbarians,Bomber,3
Cannon,Royal Ghost,3
Royal Hogs,Sparky,3
Cannon Cart,Prince,3
Barbarian Hut,Ice Spirit,3
Night Witch,Zappies,3
Bomb Tower,Bomber,3
Dark Prince,Mortar,3
Bomber,Spear Goblins,3
Electro Dragon,Ram Rider,3
Mortar,Royal Recruits,3
Cannon,Sparky,3
Rocket,Royal Recruits,3
Knight,Royal Recruits,3
Baby Dragon,Heal,3
Elite Barbarians,Mega Minion,3
Dart Goblin,Elite Barbarians,3
Bats,Royal Recruits,3
Battle Ram,Elite Barbarians,3
Cannon,Mirror,3
Cannon,Furnace,3
Bomb Tower,Elite Barbarians,3
Flying Machine,Goblins,3
Mortar,Witch,3
Royal Hogs,Witch,3
Elite Barbarians,Lumberjack,3
Electro Dragon,Giant Snowball,3
Dart Goblin,Elixir Collector,3
Magic Archer,Zappies,3
Inferno Dragon,Mortar,3
Cannon,Hunter,3
Barbarians,Spear Goblins,3
Guards,Rascals,3
Arrows,Fisherman,3
Cannon,Inferno Dragon,3
Goblin Hut,Inferno Tower,3
Barbarian Hut,Knight,3
Cannon,Dark Prince,3
Electro Dragon,Lightning,3
Bandit,Electro Dragon,2
Fisherman,Goblins,2
Cannon Cart,Three Musketeers,2
Barbarian Hut,Ice Golem,2
Fisherman,X-Bow,2
Goblin Giant,Three Musketeers,2
Earthquake,Skeleton Barrel,2
Three Musketeers,Wizard,2
Bowler,Flying Machine,2
Arrows,Three Musketeers,2
Bowler,Fisherman,2
Barbarian Hut,Goblin Cage,2
Bomb Tower,Electro Dragon,2
Rage,Three Musketeers,2
Electro Dragon,Inferno Dragon,2
Cannon Cart,Minion Horde,2
Goblin Cage,Zappies,2
Guards,Royal Hogs,2
Skeleton Army,Three Musketeers,2
Rage,Tombstone,2
Goblin Giant,Prince,2
Lava Hound,Rascals,2
Mini P.E.K.K.A,Tombstone,2
Electro Dragon,Fire Spirits,2
Cannon,Mega Minion,2
Golem,Zappies,2
Mirror,Rascals,2
Bowler,Elite Barbarians,2
Rascals,Tombstone,2
Electro Dragon,Inferno Tower,2
Musketeer,Royal Hogs,2
Bomber,Mortar,2
Hunter,Inferno Tower,2
Elite Barbarians,Rage,2
Goblin Hut,Mini P.E.K.K.A,2
Goblin Hut,Guards,2
Mirror,Royal Hogs,2
Cannon,Cannon Cart,2
Cannon Cart,Hunter,2
Earthquake,Flying Machine,2
Furnace,Mortar,2
Fire Spirits,Mortar,2
Lumberjack,Royal Hogs,2
Barbarians,Royal Recruits,2
Electro Dragon,Musketeer,2
Royal Giant,Royal Recruits,2
Electro Dragon,Wizard,2
Flying Machine,Wizard,2
Royal Hogs,Spear Goblins,2
Flying Machine,Ram Rider,2
Clone,Mortar,2
Royal Recruits,Skeletons,2
Guards,Heal,2
Heal,Wall Breakers,2
Golem,Royal Hogs,2
Graveyard,Royal Recruits,2
Flying Machine,Rascals,2
Musketeer,Skeleton Barrel,2
Goblin Hut,Tombstone,2
Flying Machine,Tombstone,2
Barbarians,Three Musketeers,2
Furnace,Hunter,2
Earthquake,Rascals,2
Barbarian Hut,Battle Ram,2
Mini P.E.K.K.A,Royal Recruits,2
Barbarians,Clone,2
Elixir Collector,Rage,2
Earthquake,Electro Dragon,2
Elite Barbarians,Goblin Cage,2
Bomb Tower,Royal Recruits,2
Giant Snowball,Royal Recruits,2
Barbarians,Rage,2
Barbarians,Fire Spirits,2
Electro Dragon,Electro Wizard,2
Inferno Tower,Mortar,2
Electro Dragon,Mega Minion,2
Barbarians,Royal Ghost,2
Archers,Goblin Giant,2
Bomb Tower,Skeleton Barrel,2
Barbarians,Mortar,2
Fire Spirits,Royal Ghost,2
Elixir Collector,Mirror,2
Bandit,Barbarian Hut,2
Cannon Cart,Lava Hound,2
Fire Spirits,Guards,2
Mortar,Wizard,2
Cannon,Flying Machine,2
Barbarian Hut,Clone,2
Arrows,Goblin Giant,2
Barbarian Hut,Ice Wizard,2
Barbarian Hut,Rascals,2
Barbarian Hut,Bomb Tower,2
Goblin Giant,Minion Horde,2
Bowler,Goblin Hut,2
Fire Spirits,Goblin Giant,2
Goblin Giant,Inferno Tower,2
Goblin Hut,X-Bow,2
Giant Snowball,Heal,2
Heal,Valkyrie,2
Archers,Barbarian Hut,2
Fisherman,Knight,2
Flying Machine,Mirror,2
Cannon,Goblin Hut,2
Electro Dragon,Tombstone,2
Bomb Tower,Fisherman,2
Rage,Royal Giant,2
Electro Dragon,Rascals,2
Electro Dragon,Royal Ghost,2
Bowler,Cannon,2
Barbarians,Cannon Cart,2
Cannon Cart,Ram Rider,2
Ice Spirit,Zappies,2
Earthquake,Royal Ghost,2
Knight,Zappies,2
Goblins,Three Musketeers,2
Cannon,Goblin Cage,2
Cannon,Fisherman,2
Cannon,Clone,2
Cannon,Lava Hound,2
Fisherman,Mortar,2
Bats,Heal,2
Heal,Knight,2
Barbarian Hut,Goblin Barrel,2
Elite Barbarians,Three Musketeers,2
Dark Prince,Elite Barbarians,2
Heal,Sparky,2
Royal Recruits,Sparky,2
Electro Wizard,Zappies,2
Fireball,Zappies,2
Inferno Tower,Royal Hogs,2
Elite Barbarians,Goblins,2
Goblin Barrel,Heal,2
Royal Recruits,Skeleton Army,2
Executioner,Royal Recruits,2
Barbarian Hut,Skeleton Army,2
Fisherman,Inferno Tower,2
Elite Barbarians,Princess,2
Elite Barbarians,Prince,2
Arrows,Barbarian Hut,2
Fisherman,Skeleton Barrel,2
Elixir Collector,Rascals,2
Fisherman,Spear Goblins,2
Bowler,Dart Goblin,2
Giant,Rascals,2
Elixir Golem,Royal Hogs,2
Bomb Tower,Royal Hogs,2
Arrows,Rascals,2
Barbarians,Rascals,2
Dark Prince,Heal,2
Elite Barbarians,Tesla,2
Prince,Royal Recruits,2
P.E.K.K.A,Royal Recruits,2
Lightning,Royal Recruits,2
Elite Barbarians,Musketeer,2
Heal,Prince,2
Mortar,Skeleton Barrel,2
Hog Rider,Royal Hogs,2
Prince,Skeleton Barrel,2
Bandit,Elite Barbarians,2
Miner,Zappies,2
Cannon,Spear Goblins,2
Guards,Mortar,2
Bomber,Lava Hound,2
Hunter,Zappies,2
Cannon,Tombstone,2
Elixir Collector,Ice Wizard,2
Guards,Rage,2
Goblin Barrel,Mortar,2
Lava Hound,Rage,2
Bomber,Tombstone,2
Flying Machine,Giant,2
Dark Prince,Lava Hound,2
Bomber,Hunter,2
Flying Machine,X-Bow,2
Giant,Royal Hogs,2
Bomber,Giant,2
Electro Dragon,Goblin Cage,2
Fisherman,Giant,2
Cannon Cart,Rage,2
Elixir Collector,Royal Ghost,2
Inferno Dragon,Three Musketeers,2
Bandit,Zappies,2
Giant,Giant Skeleton,2
Elixir Collector,Inferno Dragon,2
Freeze,Mortar,2
Elixir Collector,Ram Rider,2
Goblins,Royal Hogs,2
Rage,Skeleton Barrel,2
Musketeer,Spear Goblins,2
Goblin Giant,Royal Ghost,2
Fisherman,Lava Hound,2
Bomb Tower,Fire Spirits,2
Giant,Hunter,2
Skeletons,Zappies,2
Mortar,Ram Rider,2
Guards,Three Musketeers,2
Clone,Hunter,2
Clone,Three Musketeers,1
Barbarian Hut,Minions,1
Freeze,Royal Recruits,1
Flying Machine,Prince,1
Arrows,Royal Recruits,1
Barbarian Hut,Royal Ghost,1
Sparky,Zappies,1
Ice Golem,Royal Recruits,1
Barbarian Hut,Ram Rider,1
Barbarian Hut,Giant Snowball,1
Elixir Collector,Royal Hogs,1
Arrows,Royal Hogs,1
Clone,Elixir Collector,1
Electro Dragon,X-Bow,1
Goblin Hut,Mortar,1
Electro Dragon,Hog Rider,1
Barbarian Hut,Mortar,1
Electro Dragon,Minions,1
Electro Dragon,Giant Skeleton,1
Ram Rider,Royal Hogs,1
Mega Minion,Royal Recruits,1
Hog Rider,Royal Recruits,1
Heal,Zap,1
Elite Barbarians,Giant Snowball,1
Elixir Collector,Witch,1
Electro Wizard,Royal Recruits,1
Flying Machine,Inferno Tower,1
Hunter,Minion Horde,1
Mega Knight,Royal Recruits,1
Mortar,Rage,1
Earthquake,Fire Spirits,1
Lava Hound,Mirror,1
Barbarian Hut,Hog Rider,1
Bomber,Minion Horde,1
Goblin Giant,Rascals,1
Goblin Cage,Skeleton Barrel,1
Heal,Mega Knight,1
Lava Hound,Royal Ghost,1
Cannon Cart,Royal Hogs,1
Mega Knight,Zappies,1
Skeleton Army,Zappies,1
Goblin Giant,Royal Hogs,1
Inferno Dragon,Royal Hogs,1
Hog Rider,Zappies,1
Royal Giant,Royal Hogs,1
Flying Machine,Royal Recruits,1
Electro Wizard,Heal,1
Battle Ram,Lava Hound,1
Heal,Skeleton Army,1
Battle Ram,Skeleton Barrel,1
Cannon Cart,Royal Recruits,1
Minions,Skeleton Barrel,1
Battle Ram,Spear Goblins,1
Royal Ghost,Skeleton Barrel,1
Barbarian Hut,Poison,1
Barbarian Hut,Mini P.E.K.K.A,1
Elixir Collector,Fisherman,1
Elixir Collector,Guards,1
Furnace,Royal Recruits,1
Clone,Giant,1
Minions,Royal Recruits,1
Musketeer,Royal Recruits,1
Rage,Royal Recruits,1
Elixir Collector,Inferno Tower,1
Mirror,Royal Recruits,1
Elite Barbarians,Mortar,1
Elixir Collector,Royal Recruits,1
Arrows,Zappies,1
Bomber,Electro Dragon,1
Elixir Collector,Spear Goblins,1
Electro Dragon,Fisherman,1
Mortar,Zappies,1
Bowler,Elixir Collector,1
Goblins,Mortar,1
Elite Barbarians,Guards,1
Hunter,Tombstone,1
Inferno Tower,Three Musketeers,1
Barbarians,Goblin Giant,1
Bats,Zappies,1
Hunter,Royal Recruits,1
Poison,Royal Recruits,1
Fisherman,Tombstone,1
Earthquake,Royal Recruits,1
Archers,Zappies,1
Arrows,Electro Dragon,1
Dart Goblin,Goblin Hut,1
Fire Spirits,Royal Hogs,1
Goblin Giant,Goblin Hut,1
Goblin Giant,Royal Recruits,1
Elixir Collector,Tombstone,1
Barbarian Hut,Tesla,1
Fire Spirits,Lava Hound,1
Barbarian Hut,X-Bow,1
Barbarian Hut,Mega Minion,1
Fisherman,Rage,1
Bowler,Lava Hound,1
Skeleton Barrel,Sparky,1
Arrows,Heal,1
Barbarian Hut,Royal Giant,1
Barbarian Hut,Goblins,1
Heal,Mortar,1
Hunter,Mirror,1
Elite Barbarians,Ice Wizard,1
Battle Ram,Rascals,1
Electro Dragon,Rage,1
Fire Spirits,Tombstone,1
Minion Horde,Tombstone,1
Bomber,Royal Hogs,1
Elite Barbarians,Tombstone,1
Tombstone,Zappies,1
Guards,Zappies,1
Lava Hound,Zappies,1
Goblin Hut,Lava Hound,1
Mega Minion,Zappies,1
Minions,Zappies,1
Flying Machine,Zappies,1
Barbarians,Zappies,1
Valkyrie,Zappies,1
Barbarians,Bowler,1
Cannon,Guards,1
Goblin Hut,Tesla,1
Archers,Heal,1
Clone,Goblins,1
Heal,Minion Horde,1
Inferno Tower,Zappies,1
Cannon Cart,Inferno Tower,1
Barbarians,Earthquake,1
Cannon Cart,Mortar,1
Earthquake,Elixir Collector,1
Earthquake,Three Musketeers,1
Cannon,Royal Giant,1
Cannon,Earthquake,1
Cannon Cart,Elixir Collector,1
Heal,Ice Golem,1
Flying Machine,Royal Ghost,1
Spear Goblins,Tombstone,1
Electro Dragon,Minion Horde,1
Flying Machine,Goblin Giant,1
Bowler,Goblin Giant,1
Mega Minion,Skeleton Barrel,1
Giant,Heal,1
Heal,Minions,1
Goblin Hut,Rascals,1
Goblin Giant,Ice Wizard,1
Freeze,Heal,1
Heal,Tesla,1
Bomber,Goblin Giant,1
Flying Machine,Three Musketeers,1
Elixir Collector,Flying Machine,1
Flying Machine,Minion Horde,1
Barbarian Hut,Mirror,1
Heal,Musketeer,1
Barbarian Hut,Rage,1
Cannon,Elixir Collector,1
Barbarian Hut,Furnace,1
Elite Barbarians,Spear Goblins,1
Bowler,Mortar,1
Bomb Tower,Heal,1
Cannon Cart,Rascals,1
Earthquake,Fisherman,1
Goblin Gang,Zappies,1
Barbarian Hut,Bomber,1
Bomber,Rascals,1
Barbarians,Goblins,1
Elixir Collector,Lava Hound,1
Fire Spirits,Three Musketeers,1
Barbarian Hut,Fire Spirits,1
Bomber,Three Musketeers,1
Rascals,Three Musketeers,1
Fire Spirits,Goblin Hut,1
Balloon,Barbarian Hut,1
Three Musketeers,Tombstone,1
Giant,Three Musketeers,1
Clone,Dart Goblin,1
Hunter,Royal Ghost,1
Hunter,Inferno Dragon,1
Royal Ghost,Royal Hogs,1
Poison,Zappies,1
Wizard,Zappies,1
Elite Barbarians,Fire Spirits,1
Mirror,Zappies,1
Elixir Golem,Zappies,1
Fire Spirits,Zappies,1
Battle Ram,Zappies,1
Cannon Cart,Spear Goblins,1
Lava Hound,Mortar,1
Electro Dragon,Guards,1
Ice Golem,Zappies,1
Bomb Tower,Mortar,1
Miner,Royal Recruits,1
Royal Recruits,Wall Breakers,1
Magic Archer,Royal Recruits,1
Royal Recruits,Tesla,1
Lumberjack,Zappies,1
Balloon,Heal,1
Fire Spirits,Heal,1
Heal,X-Bow,1
Minion Horde,Zappies,1
Barbarian Hut,Inferno Tower,1
Barbarian Hut,Princess,1
Barbarian Barrel,Heal,1
Goblin Cage,Heal,1
Golem,Heal,1
Heal,Hunter,1
Goblin Giant,Tombstone,1
Goblin Barrel,Royal Recruits,1
Dark Prince,Zappies,1
Rage,Royal Hogs,1
Three Musketeers,Zappies,1
Rage,Rascals,1
Prince,Zappies,1
Electro Dragon,Spear Goblins,1
Bomber,Heal,1
Earthquake,Heal,1
Giant Snowball,Zappies,1
Elite Barbarians,Lava Hound,1
Princess,Zappies,1
Goblin Barrel,Zappies,1
Electro Dragon,Goblins,1
Heal,Inferno Tower,1
Cannon,Rage,1
Goblin Gang,Heal,1
Heal,Princess,1
Heal,Mirror,1
Inferno Tower,Royal Recruits,1
Goblin Gang,Royal Recruits,1
Golem,Royal Recruits,1
Princess,Royal Recruits,1
Mortar,Prince,1
Mortar,Royal Ghost,1
Electro Dragon,Mini P.E.K.K.A,1
Electro Dragon,Furnace,1
Electro Dragon,Tesla,1
Heal,Ice Wizard,1
Bowler,Royal Hogs,1
Battle Ram,Heal,1
Inferno Tower,Skeleton Barrel,1
Giant Skeleton,Heal,1
Bomber,Cannon,1
Clone,Goblin Hut,1
Giant Skeleton,Zappies,1
Minion Horde,Royal Recruits,1
Witch,Zappies,1
Clone,Zappies,1
Spear Goblins,Zappies,1
Royal Ghost,Zappies,1
Rascals,Skeleton Barrel,1
Balloon,Zappies,1
Bowler,Three Musketeers,1
Prince,Royal Hogs,1
Barbarian Hut,Prince,1
Barbarian Hut,Dark Prince,1
Mirror,Three Musketeers,1
Royal Recruits,Three Musketeers,1
Dark Prince,Royal Recruits,1
Fireball,Royal Recruits,1
Electro Dragon,Giant,1
Electro Dragon,Ice Golem,1
Goblin Hut,Three Musketeers,1
Electro Dragon,Fireball,1
Heal,P.E.K.K.A,1
Heal,Three Musketeers,1
Fireball,Heal,1
Bowler,Rascals,1
Barbarian Hut,Minion Horde,1
Giant,Skeleton Barrel,1
